# Made in Blockbench 5.1.6
mtllib Assembler.mtl

o default
o pCube1
v -0.5 0 0.5
v 0.5 0 0.5
v 0.5 0.2 0.5
v -0.5 0.2 0.5
v 0.5 0.2 -0.5
v -0.5 0.2 -0.5
v 0.5 0 -0.5
v -0.5 0 -0.5
vt 0 0
vt 1 0
vt 1 0.19999999999999996
vt 0 0.19999999999999996
vt 0 0
vt 1 0
vt 1 1
vt 0 1
vt 1 0.19999999999999996
vt 0 0.19999999999999996
vt 0 0
vt 1 0
vt 0 0
vt 1 0
vt 1 1
vt 0 1
vt 0 0
vt 1 0
vt 1 0.19999999999999996
vt 0 0.19999999999999996
vt 0 0
vt 1 0
vt 1 0.19999999999999996
vt 0 0.19999999999999996
vn 0 0 1
vn 0 1 0
vn 0 0 -1
vn 0 -1 0
vn 1 0 0
vn -1 0 0
usemtl m_efffe233-9380-70d2-cd62-45fe0bf7c9bc
f 1/1/1 2/2/1 3/3/1 4/4/1
f 4/5/2 3/6/2 5/7/2 6/8/2
f 6/9/3 5/10/3 7/11/3 8/12/3
f 8/13/4 7/14/4 2/15/4 1/16/4
f 2/17/5 7/18/5 5/19/5 3/20/5
f 8/21/6 1/22/6 4/23/6 6/24/6
o default
o pCube2
v -0.5 0.85 0.5
v -0.375 0.85 0.5
v -0.375 0.95 0.5
v -0.5 0.95 0.5
v 0.375 0.85 0.5
v 0.375 0.95 0.5
v 0.5 0.85 0.5
v 0.5 0.95 0.5
v -0.375 0.95 0.375
v 0 0.95 0.375
v 0.375 0.95 0.375
v -0.375 0.95 0.25
v -0.375 0.95 0.125
v -0.375 0.95 0
v 0.375 0.95 0
v -0.375 0.95 -0.125
v -0.375 0.95 -0.25
v -0.375 0.95 -0.375
v 0.375 0.95 -0.375
v -0.375 0.95 -0.5
v -0.5 0.95 -0.5
v 0 0.95 -0.375
v 0.375 0.95 -0.5
v 0.5 0.95 -0.5
v -0.375 0.85 -0.5
v -0.5 0.85 -0.5
v 0.375 0.85 -0.5
v 0.5 0.85 -0.5
v -0.375 0.85 -0.375
v -0.5 0.85 -0.375
v 0.375 0.85 -0.375
v 0.5 0.85 -0.375
v -0.375 0.85 0.375
v -0.5 0.85 0.375
v 0.5 0.85 0.375
v 0.375 0.85 0.375
v -0.375 0.85 0.375
v -0.375 0.85 0.25
v 0 0.85 0.375
v 0.375 0.85 0.375
v -0.375 0.85 0.125
v -0.375 0.85 0
v 0.375 0.85 0
v -0.375 0.85 -0.125
v -0.375 0.85 -0.25
v -0.375 0.85 -0.375
v 0 0.85 -0.375
v 0.375 0.85 -0.375
vt 1 0.86875
vt 0 0.86875
vt 0 0.96875
vt 1 0.96875
vt 0.999999967485679 0.12464964309942417
vt 0.9999997723998337 0.872547193331715
vt 0.8753502035525811 0.8725471933296821
vt 0.8753503546003416 0.1246496430973909
vt 0.002803064402980171 0.1246496430831594
vt 0.002803038199830854 0
vt 1 1.626432322154869311
vt 0.999999967485679 0.12464964309942417
vt 0.0028032478249393478 0.9971967336430789
vt 0.002803221621811569 0.8725471933154506
vt 0.9999997723998337 0.872547193331715
vt 0.9999997398855398 0.9971967336593436
vt 1 0.96875
vt 0 0.96875
vt 0 0.86875
vt 1 0.86875
vt 0.022823224230009376 0.023070427901380475
vt 0.022823248128602258 0.14211271115150104
vt 0.14186550383668362 0.14211271115344282
vt 0.14186548663227683 0.023070427903322033
vt 0.022823391520103153 0.8563661294964584
vt 0.022823415418677162 0.9754083190280114
vt 0.14186562426747773 0.975408319029953
vt 0.14186560706308438 0.8563661294984001
vt 0.8561190610458813 0.023070427914971825
vt 0.856119038085172 0.1421127111650924
vt 0.9751612937932537 0.14211271116703394
vt 0.9751613234481487 0.023070427916913383
vt 0.8561189003209715 0.8563661295100498
vt 0.8561188773602804 0.9754083190416025
vt 0.9751610862090812 0.9754083190435443
vt 0.9751611158639526 0.8563661295119913
vt 0 0.96875
vt 0 0.86875
vt 1 0.86875
vt 1 0.96875
vt 1 0.86875
vt 0 0.86875
vt 0 0.96875
vt 1 0.96875
vt 0.7507007417150043 0.12464964309535786
vt 0.8753503546003416 0.1246496430973909
vt 0.856119038085172 0.1421127111650924
vt 0.7370767823770906 0.14211271116315083
vt 0.71875 0.5312499999999971
vt 0.34375 0.5312499999999971
vt 0.34375 0.43124999999999714
vt 0.71875 0.43124999999999714
vt 0.71875 0.9062499999999971
vt 0.34375 0.9062499999999971
vt 0.34375 0.8062499999999971
vt 0.71875 0.8062499999999971
vt 0.626051128829667 0.12464964309332482
vt 0.7507007417150043 0.12464964309535786
vt 0.7370767823770906 0.14211271116315083
vt 0.6180345266690094 0.14211271116120927
vt 0.5014015159443296 0.12464964309129178
vt 0.626051128829667 0.12464964309332482
vt 0.6180345266690094 0.14211271116120927
vt 0.4989922709609279 0.1421127111592675
vt 0.875 0.8749999999999971
vt 0.5 0.8749999999999971
vt 0.5 0.7749999999999971
vt 0.875 0.7749999999999971
vt 0.3767519030589923 0.12464964308925852
vt 0.5014015159443296 0.12464964309129178
vt 0.4989922709609279 0.1421127111592675
vt 0.37995001525284655 0.14211271115732593
vt 0.25210229017365493 0.12464964308722548
vt 0.3767519030589923 0.12464964308925852
vt 0.37995001525284655 0.14211271115732593
vt 0.2609077595447651 0.14211271115538437
vt 0.12745267728831755 0.12464964308519244
vt 0.25210229017365493 0.12464964308722548
vt 0.2609077595447651 0.14211271115538437
vt 0.14186550383668362 0.14211271115344282
vt 0.5 0.8062499999999971
vt 0.5 0.9062499999999971
vt 0.125 0.9062499999999971
vt 0.125 0.8062499999999971
vt 0.5 0.8749999999999971
vt 0.125 0.8749999999999971
vt 0.125 0.7749999999999971
vt 0.5 0.7749999999999971
vt 0.6875 0.8062499999999971
vt 0.6875 0.9062499999999971
vt 0.3125 0.9062499999999971
vt 0.3125 0.8062499999999971
vt 0.12745267728831755 0.12464964308519244
vt 0.12745279046906444 0.8725471933174836
vt 0.002803221621811569 0.8725471933154506
vt 0.002803064402980171 0.1246496430831594
vn 0 0 1
vn 0 1 0
vn 0 1 0
vn 0 1 0
vn 0 0 -1
vn 0 -1 0
vn 0 -1 0
vn 0 -1 0
vn 0 -1 0
vn 1 0 0
vn -1 0 0
vn 1 0 0
vn 0 0 -1
vn 0 0 -1
vn 1 0 0
vn 1 0 0
vn -1 0 0
vn 1 0 0
vn 1 0 0
vn 1 0 0
vn 0 0 1
vn -1 0 0
vn 0 0 1
vn 0 1 0
usemtl m_d5e3219d-fd1a-841f-5237-bf7461fd2e19
f 9/25/7 15/26/7 16/27/7 12/28/7
f 11/29/8 14/30/8 19/31/8 17/32/8
f 28/33/9 29/34/9 12/35/9 11/36/9
f 32/37/10 31/38/10 14/39/10 16/40/10
f 29/41/11 32/42/11 36/43/11 34/44/11
f 34/45/12 33/46/12 37/47/12 38/48/12
f 35/49/13 36/50/13 40/51/13 39/52/13
f 42/53/14 41/54/14 10/55/14 9/56/14
f 44/57/15 43/58/15 15/59/15 13/60/15
f 16/61/16 15/62/16 36/63/16 32/64/16
f 34/65/17 9/66/17 12/67/17 29/68/17
f 20/69/18 17/70/18 45/71/18 46/72/18
f 17/73/19 18/74/19 47/75/19 45/76/19
f 18/77/20 19/78/20 48/79/20 47/80/20
f 21/81/21 20/82/21 46/83/21 49/84/21
f 22/85/22 21/86/22 49/87/22 50/88/22
f 19/89/23 23/90/23 51/91/23 48/92/23
f 24/93/24 22/94/24 50/95/24 52/96/24
f 25/97/25 24/98/25 52/99/25 53/100/25
f 26/101/26 25/102/26 53/103/26 54/104/26
f 55/105/27 30/106/27 26/107/27 54/108/27
f 23/109/28 27/110/28 56/111/28 51/112/28
f 56/113/29 27/114/29 30/115/29 55/116/29
f 26/117/30 27/118/30 31/119/30 28/120/30
o default
o pCube3
v -0.5 0.2 0.5
v -0.375 0.2 0.5
v 0.375 0.2 0.5
v 0.5 0.2 0.5
v -0.375 0.85 0.5
v -0.5 0.85 0.5
v 0.5 0.85 0.5
v 0.375 0.85 0.5
v -0.375 0.85 0.375
v -0.5 0.85 0.375
v -0.25 0.85 0.5
v -0.125 0.85 0.5
v 0 0.85 0.5
v 0.125 0.85 0.5
v 0.25 0.85 0.5
v 0.375 0.85 0.375
v 0.5 0.85 0.375
v -0.5 0.85 0.25
v 0.5 0.85 0.25
v -0.375 0.85 0.125
v -0.5 0.85 0.125
v 0.5 0.85 0.125
v -0.375 0.85 0
v -0.5 0.85 0
v 0.5 0.85 0
v -0.5 0.85 -0.125
v 0.5 0.85 -0.125
v -0.5 0.85 -0.25
v 0.5 0.85 -0.25
v -0.375 0.85 -0.375
v -0.5 0.85 -0.375
v 0.5 0.85 -0.375
v 0.375 0.85 -0.375
v -0.375 0.85 -0.5
v -0.5 0.85 -0.5
v -0.25 0.85 -0.5
v -0.125 0.85 -0.5
v 0 0.85 -0.5
v 0.125 0.85 -0.5
v 0.25 0.85 -0.5
v 0.375 0.85 -0.5
v 0.5 0.85 -0.5
v -0.375 0.2 -0.5
v -0.5 0.2 -0.5
v 0.5 0.2 -0.5
v 0.375 0.2 -0.5
v -0.375 0.2 -0.375
v -0.5 0.2 -0.375
v 0.5 0.2 -0.375
v 0.375 0.2 -0.375
v -0.5 0.2 0.375
v -0.375 0.2 0.375
v 0.375 0.2 0.375
v 0.5 0.2 0.375
v -0.375 0.2 0.375
v 0.375 0.2 0.375
v -0.375 0.85 0.375
v -0.25 0.85 0.375
v -0.125 0.85 0.375
v 0 0.85 0.375
v 0.125 0.85 0.375
v 0.25 0.85 0.375
v 0.375 0.85 0.375
v 0.375 0.2 -0.375
v 0.375 0.2 0.375
v 0.375 0.85 -0.375
v 0.375 0.85 -0.25
v 0.375 0.85 -0.125
v 0.375 0.85 0
v 0.375 0.85 0.125
v 0.375 0.85 0.25
v 0.375 0.85 0.375
v -0.25 0.85 -0.375
v -0.375 0.85 -0.375
v -0.125 0.85 -0.375
v 0 0.85 -0.375
v 0.125 0.85 -0.375
v 0.25 0.85 -0.375
v 0.375 0.85 -0.375
v -0.375 0.2 -0.375
v 0.375 0.2 -0.375
v -0.375 0.2 -0.375
v -0.375 0.2 0.375
v -0.375 0.85 -0.375
v -0.375 0.85 -0.25
v -0.375 0.85 -0.125
v -0.375 0.85 0
v -0.375 0.85 0.125
v -0.375 0.85 0.25
v -0.375 0.85 0.375
vt 0.125 0.6874999999999986
vt 0 0.6874999999999986
vt 0 0.454168749999998
vt 0.125 0.454168749999998
vt 1 0.09999999999999853
vt 0.875 0.09999999999999853
vt 0.875 0.7499999999999986
vt 1 0.7499999999999986
vt 0.0625 0.5625
vt 0.1875 0.5625
vt 0.1875 0.6875
vt 0.0625 0.6875
vt 0.1875 0.5625
vt 0.3125 0.5625
vt 0.3125 0.6875
vt 0.1875 0.6875
vt 0.0625 0.6875
vt 0.1875 0.6875
vt 0.1875 0.8125
vt 0.0625 0.8125
vt 0.1875 0.6875
vt 0.3125 0.6875
vt 0.3125 0.8125
vt 0.1875 0.8125
vt 0.875 0.09999999999999853
vt 1 0.09999999999999853
vt 1 0.7499999999999986
vt 0.875 0.7499999999999986
vt 0 0.03750000000000009
vt 0.125 0.03750000000000009
vt 0.125 0.6875
vt 0 0.6875
vt 0.0625 0.8125
vt 0.1875 0.8125
vt 0.1875 0.9375
vt 0.0625 0.9375
vt 0.1875 0.8125
vt 0.3125 0.8125
vt 0.3125 0.9375
vt 0.1875 0.9375
vt 0.0625 0.875
vt 0.1875 0.875
vt 0.1875 1
vt 0.0625 1
vt 0.1875 0.875
vt 0.3125 0.875
vt 0.3125 1
vt 0.1875 1
vt 1 0.09999999999999853
vt 0.875 0.09999999999999853
vt 0.875 0.7499999999999986
vt 1 0.7499999999999986
vt 0.125 0.6874999999999986
vt 0 0.6874999999999986
vt 0 0.454168749999998
vt 0.125 0.454168749999998
vt 0.125 0.6874999999999986
vt 0 0.6874999999999986
vt 0 0.454168749999998
vt 0.125 0.454168749999998
vt 1 0.09999999999999853
vt 0.875 0.09999999999999853
vt 0.875 0.7499999999999986
vt 1 0.7499999999999986
vt 0.1875 0.6875
vt 0.0625 0.6875
vt 0.0625 0.5625
vt 0.1875 0.5625
vt 0.90625 0.7812499999999986
vt 0.78125 0.7812499999999986
vt 0.78125 0.13124999999999853
vt 0.90625 0.13124999999999853
vt 0.25 0.6875
vt 0.125 0.6875
vt 0.125 0.5625
vt 0.25 0.5625
vt 0.25 0.6875
vt 0.125 0.6875
vt 0.125 0.5625
vt 0.25 0.5625
vt 0.25 0.6875
vt 0.125 0.6875
vt 0.125 0.5625
vt 0.25 0.5625
vt 0.25 0.6875
vt 0.125 0.6875
vt 0.125 0.5625
vt 0.25 0.5625
vt 0.9375 0.13124999999999853
vt 0.9375 0.7812499999999986
vt 0.8125 0.7812499999999986
vt 0.8125 0.13124999999999853
vt 0.3125 0.6875
vt 0.1875 0.6875
vt 0.1875 0.5625
vt 0.3125 0.5625
vt 0.9375 0.13124999999999853
vt 0.9375 0.7812499999999986
vt 0.8125 0.7812499999999986
vt 0.8125 0.13124999999999853
vt 0.4375 0.5625
vt 0.4375 0.6875
vt 0.3125 0.6875
vt 0.3125 0.5625
vt 0.375 0.5625
vt 0.375 0.6875
vt 0.25 0.6875
vt 0.25 0.5625
vt 0.375 0.5625
vt 0.375 0.6875
vt 0.25 0.6875
vt 0.25 0.5625
vt 0.375 0.5625
vt 0.375 0.6875
vt 0.25 0.6875
vt 0.25 0.5625
vt 0.375 0.5625
vt 0.375 0.6875
vt 0.25 0.6875
vt 0.25 0.5625
vt 0.3125 0.5625
vt 0.3125 0.6875
vt 0.1875 0.6875
vt 0.1875 0.5625
vt 0.90625 0.8124999999999986
vt 0.78125 0.8124999999999986
vt 0.78125 0.16249999999999853
vt 0.90625 0.16249999999999853
vt 0.0625 0.6875
vt 0.1875 0.6875
vt 0.1875 0.8125
vt 0.0625 0.8125
vt 0.125 0.6875
vt 0.25 0.6875
vt 0.25 0.8125
vt 0.125 0.8125
vt 0.125 0.6875
vt 0.25 0.6875
vt 0.25 0.8125
vt 0.125 0.8125
vt 0.125 0.6875
vt 0.25 0.6875
vt 0.25 0.8125
vt 0.125 0.8125
vt 0.125 0.6875
vt 0.25 0.6875
vt 0.25 0.8125
vt 0.125 0.8125
vt 0.1875 0.6875
vt 0.3125 0.6875
vt 0.3125 0.8125
vt 0.1875 0.8125
vt 0.78125 0.09999999999999853
vt 0.90625 0.09999999999999853
vt 0.90625 0.7499999999999986
vt 0.78125 0.7499999999999986
vt 0.8125 0.7499999999999986
vt 0.8125 0.09999999999999853
vt 0.9375 0.09999999999999853
vt 0.9375 0.7499999999999986
vt 0 0.6875
vt 0 0.5625
vt 0.125 0.5625
vt 0.125 0.6875
vt 0.125 0.6874999999999986
vt 0 0.6874999999999986
vt 0 0.454168749999998
vt 0.125 0.454168749999998
vt 0 0.6875
vt 0 0.5625
vt 0.125 0.5625
vt 0.125 0.6875
vt 0 0.6875
vt 0 0.5625
vt 0.125 0.5625
vt 0.125 0.6875
vt 0 0.6875
vt 0 0.5625
vt 0.125 0.5625
vt 0.125 0.6875
vt 0.90625 0.13124999999999853
vt 0.90625 0.7812499999999986
vt 0.78125 0.7812499999999986
vt 0.78125 0.13124999999999853
vt 0.0625 0.6875
vt 0.0625 0.5625
vt 0.1875 0.5625
vt 0.1875 0.6875
vt 0.0625 0.625
vt 0.1875 0.625
vt 0.1875 0.75
vt 0.0625 0.75
vn 0 0 1
vn 0 0 1
vn 0 1 0
vn 0 1 0
vn 0 1 0
vn 0 1 0
vn 0 0 -1
vn 0 0 -1
vn 0 -1 0
vn 0 -1 0
vn 0 -1 0
vn 0 -1 0
vn 1 0 0
vn 1 0 0
vn -1 0 0
vn -1 0 0
vn 0 -1 0
vn 1 0 0
vn 0 -1 0
vn 0 -1 0
vn 0 -1 0
vn 0 -1 0
vn -1 0 0
vn 0 -1 0
vn 0 0 1
vn 0 -1 0
vn 0 -1 0
vn 0 -1 0
vn 0 -1 0
vn 0 -1 0
vn 0 -1 0
vn 0 0 -1
vn 0 -1 0
vn 0 -1 0
vn 0 -1 0
vn 0 -1 0
vn 0 -1 0
vn 0 -1 0
vn 1 0 0
vn -1 0 0
vn 0 -1 0
vn 0 0 1
vn 0 -1 0
vn 0 -1 0
vn 0 -1 0
vn 0 0 -1
vn 0 -1 0
vn 0 1 0
usemtl m_d5e3219d-fd1a-841f-5237-bf7461fd2e19
f 61/121/31 62/122/31 57/123/31 58/124/31
f 63/125/32 64/126/32 59/127/32 60/128/32
f 62/129/33 61/130/33 65/131/33 66/132/33
f 64/133/34 63/134/34 73/135/34 72/136/34
f 87/137/35 86/138/35 90/139/35 91/140/35
f 89/141/36 88/142/36 98/143/36 97/144/36
f 99/145/37 100/146/37 91/147/37 90/148/37
f 101/149/38 102/150/38 97/151/38 98/152/38
f 100/153/39 99/154/39 103/155/39 104/156/39
f 102/157/40 101/158/40 105/159/40 106/160/40
f 107/161/41 108/162/41 58/163/41 57/164/41
f 109/165/42 110/166/42 60/167/42 59/168/42
f 98/169/43 88/170/43 105/171/43 101/172/43
f 73/173/44 63/174/44 60/175/44 110/176/44
f 87/177/45 91/178/45 100/179/45 104/180/45
f 62/181/46 66/182/46 107/183/46 57/184/46
f 67/185/47 61/186/47 113/187/47 114/188/47
f 113/189/48 61/190/48 58/191/48 111/192/48
f 68/193/49 67/194/49 114/195/49 115/196/49
f 69/197/50 68/198/50 115/199/50 116/200/50
f 70/201/51 69/202/51 116/203/51 117/204/51
f 71/205/52 70/206/52 117/207/52 118/208/52
f 59/209/53 64/210/53 119/211/53 112/212/53
f 64/213/54 71/214/54 118/215/54 119/216/54
f 105/217/55 88/218/55 122/219/55 120/220/55
f 88/221/56 85/222/56 123/223/56 122/224/56
f 85/225/57 83/226/57 124/227/57 123/228/57
f 83/229/58 81/230/58 125/231/58 124/232/58
f 81/233/59 78/234/59 126/235/59 125/236/59
f 78/237/60 75/238/60 127/239/60 126/240/60
f 75/241/61 73/242/61 128/243/61 127/244/61
f 128/245/62 73/246/62 110/247/62 121/248/62
f 90/249/63 92/250/63 129/251/63 130/252/63
f 92/253/64 93/254/64 131/255/64 129/256/64
f 93/257/65 94/258/65 132/259/65 131/260/65
f 94/261/66 95/262/66 133/263/66 132/264/66
f 95/265/67 96/266/67 134/267/67 133/268/67
f 96/269/68 97/270/68 135/271/68 134/272/68
f 136/273/69 99/274/69 90/275/69 130/276/69
f 97/277/70 102/278/70 137/279/70 135/280/70
f 84/281/71 87/282/71 140/283/71 141/284/71
f 140/285/72 87/286/72 104/287/72 138/288/72
f 82/289/73 84/290/73 141/291/73 142/292/73
f 80/293/74 82/294/74 142/295/74 143/296/74
f 74/297/75 77/298/75 144/299/75 145/300/75
f 107/301/76 66/302/76 146/303/76 139/304/76
f 66/305/77 74/306/77 145/307/77 146/308/77
f 77/309/78 76/310/78 79/311/78 80/312/78
o default
o pCylinder1
v 0.130746 0.949061 -0.372754
v 0.116542 0.976938 -0.372754
v 0.116542 0.976938 -0.307246
v 0.130746 0.949061 -0.307246
v 0.080902 0.958779 -0.372754
v 0.058779 0.980902 -0.372754
v 0.058779 0.980902 -0.307246
v 0.080902 0.958779 -0.307246
v 0.076938 1.016542 -0.372754
v 0.049061 1.030746 -0.372754
v 0.049061 1.030746 -0.307246
v 0.076938 1.016542 -0.307246
v 0.030902 0.995106 -0.372754
v 0 1 -0.372754
v 0 1 -0.307246
v 0.030902 0.995106 -0.307246
v -0.006257 1.039508 -0.372754
v -0.037159 1.034613 -0.372754
v -0.037159 1.034613 -0.307246
v -0.006257 1.039508 -0.307246
v -0.030902 0.995106 -0.372754
v -0.058779 0.980902 -0.372754
v -0.058779 0.980902 -0.307246
v -0.030902 0.995106 -0.307246
v -0.087063 1.009186 -0.372754
v -0.109186 0.987063 -0.372754
v -0.109186 0.987063 -0.307246
v -0.087063 1.009186 -0.307246
v -0.080902 0.958779 -0.372754
v -0.095106 0.930902 -0.372754
v -0.095106 0.930902 -0.307246
v -0.080902 0.958779 -0.307246
v -0.134613 0.937159 -0.372754
v -0.139508 0.906257 -0.372754
v -0.139508 0.906257 -0.307246
v -0.134613 0.937159 -0.307246
v -0.1 0.9 -0.372754
v -0.095106 0.869098 -0.372754
v -0.095106 0.869098 -0.307246
v -0.1 0.9 -0.307246
v -0.130746 0.850939 -0.372754
v -0.116542 0.823062 -0.372754
v -0.116542 0.823062 -0.307246
v -0.130746 0.850939 -0.307246
v -0.080902 0.841221 -0.372754
v -0.058779 0.819098 -0.372754
v -0.058779 0.819098 -0.307246
v -0.080902 0.841221 -0.307246
v -0.076938 0.783458 -0.372754
v -0.049061 0.769254 -0.372754
v -0.049061 0.769254 -0.307246
v -0.076938 0.783458 -0.307246
v -0.030902 0.804894 -0.372754
v 0 0.8 -0.372754
v 0 0.8 -0.307246
v -0.030902 0.804894 -0.307246
v 0.006257 0.760492 -0.372754
v 0.037159 0.765387 -0.372754
v 0.037159 0.765387 -0.307246
v 0.006257 0.760492 -0.307246
v 0.030902 0.804894 -0.372754
v 0.058779 0.819098 -0.372754
v 0.058779 0.819098 -0.307246
v 0.030902 0.804894 -0.307246
v 0.087063 0.790814 -0.372754
v 0.109186 0.812937 -0.372754
v 0.109186 0.812937 -0.307246
v 0.087063 0.790814 -0.307246
v 0.080902 0.841221 -0.372754
v 0.095106 0.869098 -0.372754
v 0.095106 0.869098 -0.307246
v 0.080902 0.841221 -0.307246
v 0.134613 0.862841 -0.372754
v 0.139508 0.893743 -0.372754
v 0.139508 0.893743 -0.307246
v 0.134613 0.862841 -0.307246
v 0.1 0.9 -0.372754
v 0.095106 0.930902 -0.372754
v 0.095106 0.930902 -0.307246
v 0.1 0.9 -0.307246
v 0 0.9 -0.372754
v 0 0.9 -0.307246
vt 0.1905125000000022 0.7187125000000029
vt 0.1905125000000022 0.7500000000000029
vt 0.12500000000000216 0.7500000000000029
vt 0.12500000000000216 0.7187125000000029
vt 0.1905125000000022 0.7187125000000013
vt 0.1905125000000022 0.7500000000000013
vt 0.12500000000000216 0.7500000000000013
vt 0.12500000000000216 0.7187125000000013
vt 0.1905125000000022 0.7187187500000017
vt 0.1905125000000022 0.7500000000000018
vt 0.12500000000000216 0.7500000000000018
vt 0.12500000000000216 0.7187187500000017
vt 0.1905125000000022 0.7812125000000013
vt 0.1905125000000022 0.8125000000000013
vt 0.12500000000000216 0.8125000000000013
vt 0.12500000000000216 0.7812125000000013
vt 0.1250000000000019 0.812500000000002
vt 0.1250000000000019 0.7812125000000021
vt 0.19051250000000192 0.7812125000000021
vt 0.19051250000000192 0.812500000000002
vt 0.1250000000000019 0.7500000000000018
vt 0.1250000000000019 0.7187125000000016
vt 0.19051250000000192 0.7187125000000016
vt 0.19051250000000192 0.7500000000000018
vt 0.1250000000000019 0.7500000000000013
vt 0.1250000000000019 0.7187125000000013
vt 0.19051250000000192 0.7187125000000013
vt 0.19051250000000192 0.7500000000000013
vt 0.1250000000000019 0.7500000000000029
vt 0.1250000000000019 0.7187125000000029
vt 0.19051250000000192 0.7187125000000029
vt 0.19051250000000192 0.7500000000000029
vt 0.1250000000000019 0.7500000000000011
vt 0.1250000000000019 0.7187125000000012
vt 0.19051250000000192 0.7187125000000012
vt 0.19051250000000192 0.7500000000000011
vt 0.1250000000000019 0.7500000000000028
vt 0.1250000000000019 0.7187125000000028
vt 0.19051250000000192 0.7187125000000028
vt 0.19051250000000192 0.7500000000000028
vt 0.1875000000000019 0.7500000000000029
vt 0.1875000000000019 0.7187125000000029
vt 0.2530125000000019 0.7187125000000029
vt 0.2530125000000019 0.7500000000000029
vt 0.1875000000000019 0.7500000000000013
vt 0.1875000000000019 0.7187125000000013
vt 0.2530125000000019 0.7187125000000013
vt 0.2530125000000019 0.7500000000000013
vt 0.1875000000000019 0.7500000000000018
vt 0.1875000000000019 0.7187187500000017
vt 0.2530125000000019 0.7187187500000017
vt 0.2530125000000019 0.7500000000000018
vt 0.1875000000000019 0.8125000000000013
vt 0.1875000000000019 0.7812125000000013
vt 0.2530125000000019 0.7812125000000013
vt 0.2530125000000019 0.8125000000000013
vt 0.2530125000000022 0.7812125000000005
vt 0.2530125000000022 0.8125000000000004
vt 0.18750000000000216 0.8125000000000004
vt 0.18750000000000216 0.7812125000000005
vt 0.2530125000000022 0.7187187500000017
vt 0.2530125000000022 0.7500000000000018
vt 0.18750000000000216 0.7500000000000018
vt 0.18750000000000216 0.7187187500000017
vt 0.2530125000000022 0.7187125000000013
vt 0.2530125000000022 0.7500000000000013
vt 0.18750000000000216 0.7500000000000013
vt 0.18750000000000216 0.7187125000000013
vt 0.2530125000000022 0.7187125000000029
vt 0.2530125000000022 0.7500000000000029
vt 0.18750000000000216 0.7500000000000029
vt 0.18750000000000216 0.7187125000000029
vt 0.2530125000000022 0.7187125000000028
vt 0.2530125000000022 0.7500000000000028
vt 0.18750000000000216 0.7500000000000028
vt 0.18750000000000216 0.7187125000000028
vt 0.3155125000000022 0.7187124999999972
vt 0.3155125000000022 0.7499999999999972
vt 0.25000000000000216 0.7499999999999972
vt 0.25000000000000216 0.7187124999999972
vt 0.07670625000000061 0.6874999999999988
vt 0.06250000000000061 0.6596187499999987
vt 0.15760625000000061 0.6287187499999988
vt 0.15760625000000061 0.6287187499999988
vt 0.14711874999999974 0.6875000000000018
vt 0.12499999999999975 0.6653812500000017
vt 0.20589999999999975 0.6066000000000017
vt 0.20589999999999975 0.6066000000000017
vt 0.1528812500000027 0.6875000000000009
vt 0.12500000000000266 0.6732937500000008
vt 0.18378125000000267 0.5923937500000008
vt 0.18378125000000267 0.5923937500000008
vt 0.1559000000000026 0.6875
vt 0.12500000000000258 0.68260625
vt 0.1559000000000026 0.5875
vt 0.1559000000000026 0.5875
vt 0.1559 0.68260625
vt 0.125 0.6875
vt 0.125 0.5875
vt 0.125 0.5875
vt 0.18378125 0.6732937500000008
vt 0.1559 0.6875000000000009
vt 0.125 0.5923937500000008
vt 0.125 0.5923937500000008
vt 0.1434 0.6653812500000017
vt 0.12128125000000001 0.6875000000000018
vt 0.0625 0.6066000000000017
vt 0.0625 0.6066000000000017
vt 0.15760625 0.6596187499999987
vt 0.1434 0.6874999999999988
vt 0.0625 0.6287187499999988
vt 0.0625 0.6287187499999988
vt 0.1625 0.6565999999999989
vt 0.15760625 0.6874999999999988
vt 0.0625 0.6565999999999989
vt 0.0625 0.6565999999999989
vt 0.15760625 0.5941000000000014
vt 0.1625 0.6250000000000014
vt 0.0625 0.6250000000000014
vt 0.0625 0.6250000000000014
vt 0.1434 0.6287187500000014
vt 0.15760625 0.6566000000000014
vt 0.0625 0.6875000000000014
vt 0.0625 0.6875000000000014
vt 0.12128125000000001 0.6066000000000015
vt 0.1434 0.6287187500000014
vt 0.0625 0.6875000000000014
vt 0.0625 0.6875000000000014
vt 0.1559 0.5923937500000014
vt 0.18378125 0.6066000000000015
vt 0.125 0.6875000000000014
vt 0.125 0.6875000000000014
vt 0.125 0.6500000000000015
vt 0.1559 0.6548937500000014
vt 0.125 0.7500000000000014
vt 0.125 0.7500000000000014
vt 0.12500000000000258 0.6548937500000014
vt 0.1559000000000026 0.6500000000000015
vt 0.1559000000000026 0.7500000000000014
vt 0.1559000000000026 0.7500000000000014
vt 0.12500000000000266 0.6066000000000015
vt 0.1528812500000027 0.5923937500000014
vt 0.18378125000000267 0.6875000000000014
vt 0.18378125000000267 0.6875000000000014
vt 0.12499999999999975 0.6287187500000014
vt 0.14711874999999974 0.6066000000000015
vt 0.20589999999999975 0.6875000000000014
vt 0.20589999999999975 0.6875000000000014
vt 0.06250000000000061 0.6566000000000014
vt 0.07670625000000061 0.6287187500000014
vt 0.15760625000000061 0.6875000000000014
vt 0.15760625000000061 0.6875000000000014
vt 0.12500000000000142 0.6250000000000014
vt 0.12989375000000142 0.5941000000000014
vt 0.22500000000000142 0.6250000000000014
vt 0.22500000000000142 0.6250000000000014
vt 0.12989375000000142 0.6874999999999988
vt 0.12500000000000142 0.6565999999999989
vt 0.22500000000000142 0.6565999999999989
vt 0.22500000000000142 0.6565999999999989
vt 0.5674312881205399 0.7606896250133833
vt 0.5541856838663013 0.7869209527043113
vt 0.4782797619048991 0.7316530359199218
vt 0.4782797619048991 0.7316530359199218
vt 0.5541856838663013 0.7869209527043113
vt 0.5334796277345404 0.8077630745706239
vt 0.4782797619048991 0.7316530359199218
vt 0.4782797619048991 0.7316530359199218
vt 0.5334796277345404 0.8077630745706239
vt 0.507339379429294 0.8211564251945966
vt 0.4782797619048991 0.7316530359199218
vt 0.4782797619048991 0.7316530359199218
vt 0.507339379429294 0.8211564251945966
vt 0.4783355623808198 0.8257732429231239
vt 0.4782797619048991 0.7316530359199218
vt 0.4782797619048991 0.7316530359199218
vt 0.4783355623808198 0.8257732429231239
vt 0.44932627104290407 0.8211564251947446
vt 0.4782797619048991 0.7316530359199218
vt 0.4782797619048991 0.7316530359199218
vt 0.44932627104290407 0.8211564251947446
vt 0.42317014186858576 0.8077630745708824
vt 0.4782797619048991 0.7316530359199218
vt 0.4782797619048991 0.7316530359199218
vt 0.42317014186858576 0.8077630745708824
vt 0.402439372652136 0.7869209527046175
vt 0.4782797619048991 0.7316530359199218
vt 0.4782797619048991 0.7316530359199218
vt 0.402439372652136 0.7869209527046175
vt 0.3891626651817232 0.7606896250136704
vt 0.4782797619048991 0.7316530359199218
vt 0.4782797619048991 0.7316530359199218
vt 0.3891626651817232 0.7606896250136704
vt 0.3846284939378212 0.7316530359200303
vt 0.4782797619048991 0.7316530359199218
vt 0.4782797619048991 0.7316530359199218
vt 0.3846284939378212 0.7316530359200303
vt 0.389260835740933 0.7026596345695947
vt 0.4782797619048991 0.7316530359199218
vt 0.4782797619048991 0.7316530359199218
vt 0.389260835740933 0.7026596345695947
vt 0.4025884425114727 0.6765413735694701
vt 0.4782797619048991 0.7316530359199218
vt 0.4782797619048991 0.7316530359199218
vt 0.4025884425114727 0.6765413735694701
vt 0.4232945818841853 0.6558390078657972
vt 0.4782797619048991 0.7316530359199218
vt 0.4782797619048991 0.7316530359199218
vt 0.4232945818841853 0.6558390078657972
vt 0.44935296197712943 0.64255872377929
vt 0.4782797619048991 0.7316530359199218
vt 0.4782797619048991 0.7316530359199218
vt 0.44935296197712943 0.64255872377929
vt 0.47822422955850546 0.6379850904102107
vt 0.4782797619048991 0.7316530359199218
vt 0.4782797619048991 0.7316530359199218
vt 0.47822422955850546 0.6379850904102107
vt 0.5071009202243728 0.6425587237793031
vt 0.4782797619048991 0.7316530359199218
vt 0.4782797619048991 0.7316530359199218
vt 0.5071009202243728 0.6425587237793031
vt 0.5331750471201084 0.6558390078657994
vt 0.4782797619048991 0.7316530359199218
vt 0.4782797619048991 0.7316530359199218
vt 0.5331750471201084 0.6558390078657994
vt 0.5539057338645654 0.6765413735694243
vt 0.4782797619048991 0.7316530359199218
vt 0.4782797619048991 0.7316530359199218
vt 0.5539057338645654 0.6765413735694243
vt 0.5672643097848173 0.7026596345694687
vt 0.4782797619048991 0.7316530359199218
vt 0.4782797619048991 0.7316530359199218
vt 0.5672643097848173 0.7026596345694687
vt 0.5719310298717042 0.7316530359198133
vt 0.4782797619048991 0.7316530359199218
vt 0.4782797619048991 0.7316530359199218
vt 0.5719310298717042 0.7316530359198133
vt 0.5674312881205399 0.7606896250133833
vt 0.4782797619048991 0.7316530359199218
vt 0.4782797619048991 0.7316530359199218
vt 0.12499999999999711 0.6474984211982867
vt 0.1562918781894731 0.6474984211982867
vt 0.1562872419025707 0.6875000000000021
vt 0.1250037699478822 0.6874972686602762
vt 0.1250000000000019 0.7724999999999984
vt 0.19051250000000192 0.7724999999999984
vt 0.19051250000000192 0.8124999999999984
vt 0.1250000000000019 0.8124999999999984
vt 0.12499999999999911 0.875000000000001
vt 0.12500273207365753 0.8437081219297928
vt 0.16500157905404111 0.8437153841511813
vt 0.16500157905404111 0.8749988562251055
vt 0.12500000000000216 0.7724999999999984
vt 0.1905125000000022 0.7724999999999984
vt 0.1905125000000022 0.8124999999999984
vt 0.12500000000000216 0.8124999999999984
vt 0.12499999999999989 0.6474984209459598
vt 0.156291878070208 0.6475011530196182
vt 0.15628461584881964 0.6875000000000019
vt 0.12500114377489535 0.687500000000002
vt 0.1250000000000019 0.7100000000000027
vt 0.19051250000000192 0.7100000000000027
vt 0.19051250000000192 0.7500000000000028
vt 0.1250000000000019 0.7500000000000028
vt 0.125000000000001 0.8749999999999973
vt 0.1250000000000011 0.8437081218105213
vt 0.1650015788017164 0.8437127580974237
vt 0.16499884746199045 0.8749962300521122
vt 0.12500000000000216 0.7100000000000027
vt 0.1905125000000022 0.7100000000000027
vt 0.1905125000000022 0.7500000000000028
vt 0.12500000000000216 0.7500000000000028
vt 0.12499999999999944 0.6874995018098984
vt 0.12499999999999944 0.6562143809205283
vt 0.16499855563488208 0.6562148791106281
vt 0.1649985556348823 0.6874999999999982
vt 0.1250000000000019 0.7100000000000011
vt 0.19051250000000192 0.7100000000000011
vt 0.19051250000000192 0.7500000000000011
vt 0.1250000000000019 0.7500000000000011
vt 0.12499999999999706 0.7725014443651185
vt 0.15628512088936714 0.7725014443651185
vt 0.15628561907946703 0.8125000000000013
vt 0.12500049819009693 0.8125000000000011
vt 0.12500000000000216 0.7100000000000011
vt 0.1905125000000022 0.7100000000000011
vt 0.1905125000000022 0.7500000000000011
vt 0.12500000000000216 0.7500000000000011
vt 0.18749999999999822 0.6249955805826191
vt 0.1874999999999981 0.5937149443498793
vt 0.2275001467282446 0.5937105249324968
vt 0.2275001467282447 0.6250000000000013
vt 0.1250000000000019 0.7099999999999996
vt 0.19051250000000192 0.7099999999999996
vt 0.19051250000000192 0.7499999999999996
vt 0.1250000000000019 0.7499999999999996
vt 0.18750441941738205 0.7724998532717516
vt 0.21878505565012185 0.7724998532717517
vt 0.21878947506750412 0.8124999999999982
vt 0.18749999999999956 0.8124999999999981
vt 0.12500000000000216 0.7099999999999996
vt 0.1905125000000022 0.7099999999999996
vt 0.1905125000000022 0.7499999999999996
vt 0.12500000000000216 0.7499999999999996
vt 0.18750000000000067 0.6250000000000017
vt 0.18750000000000067 0.5937148791106317
vt 0.22749855563488336 0.5937143809205317
vt 0.22749855563488341 0.6249995018099018
vt 0.1250000000000019 0.7099999999999996
vt 0.19051250000000192 0.7099999999999996
vt 0.19051250000000192 0.7499999999999996
vt 0.1250000000000019 0.7499999999999996
vt 0.18750049819010095 0.772501444365119
vt 0.21878561907947103 0.7725014443651189
vt 0.2187851208893712 0.8125000000000017
vt 0.1875000000000011 0.8125000000000017
vt 0.12500000000000216 0.7100062499999996
vt 0.1905125000000022 0.7100062499999996
vt 0.1905125000000022 0.7499999999999996
vt 0.12500000000000216 0.7499999999999996
vt 0.21879187818947476 0.687500000000002
vt 0.18749999999999867 0.687500000000002
vt 0.18750463628690117 0.6474984211982867
vt 0.21878810824158967 0.6475011525380128
vt 0.2530125000000022 0.7500000000000004
vt 0.18750000000000216 0.7500000000000004
vt 0.18750000000000216 0.7100000000000004
vt 0.2530125000000022 0.7100000000000004
vt 0.16500157905404123 0.8437081219297895
vt 0.16499884698038264 0.8749999999999976
vt 0.12499999999999911 0.8749927377786092
vt 0.12499999999999911 0.843709265704685
vt 0.2530125000000019 0.7500000000000004
vt 0.1875000000000019 0.7500000000000004
vt 0.1875000000000019 0.7100000000000004
vt 0.2530125000000019 0.7100000000000004
vt 0.2187918780702115 0.6875000000000019
vt 0.18750000000000333 0.6874972679263434
vt 0.18750726222139175 0.6474984209459598
vt 0.21879073429531604 0.6474984209459598
vt 0.2530125000000022 0.7499999999999976
vt 0.18750000000000216 0.7499999999999976
vt 0.18750000000000216 0.7099999999999976
vt 0.2530125000000022 0.7099999999999976
vt 0.22750157880171318 0.8437081218105219
vt 0.22750157880171307 0.8749999999999979
vt 0.18749999999999767 0.8749953637130954
vt 0.18750273133972384 0.8437118917584068
vt 0.2530125000000019 0.7499999999999976
vt 0.1875000000000019 0.7499999999999976
vt 0.1875000000000019 0.7099999999999976
vt 0.2530125000000019 0.7099999999999976
vt 0.22749855563487964 0.6562148791106306
vt 0.22749855563487964 0.6875000000000007
vt 0.1874999999999969 0.6874995018099009
vt 0.18749999999999678 0.6562143809205309
vt 0.2530125000000022 0.812500000000003
vt 0.18750000000000216 0.812500000000003
vt 0.18750000000000216 0.772500000000003
vt 0.2530125000000022 0.772500000000003
vt 0.21878561907946964 0.8749999999999987
vt 0.1875004981900996 0.8749999999999987
vt 0.1874999999999998 0.8350014443651158
vt 0.21878512088936988 0.8350014443651159
vt 0.2530125000000019 0.812500000000003
vt 0.1875000000000019 0.812500000000003
vt 0.1875000000000019 0.772500000000003
vt 0.2530125000000019 0.772500000000003
vt 0.22750014672824503 0.5937149443498794
vt 0.22750014672824503 0.6249955805826193
vt 0.18749999999999845 0.6250000000000018
vt 0.1874999999999985 0.5937105249324971
vt 0.2530125000000022 0.8125000000000016
vt 0.18750000000000216 0.8125000000000016
vt 0.18750000000000216 0.7725000000000015
vt 0.2530125000000022 0.7725000000000015
vt 0.2812850556501221 0.8749999999999986
vt 0.25000441941738216 0.8749999999999986
vt 0.2499999999999999 0.834999853271752
vt 0.28128947506750457 0.834999853271752
vt 0.2530125000000019 0.8125000000000016
vt 0.1875000000000019 0.8125000000000016
vt 0.1875000000000019 0.7725000000000015
vt 0.2530125000000019 0.7725000000000015
vt 0.2899985556348794 0.5937143809205269
vt 0.2899985556348794 0.6249995018098969
vt 0.24999999999999675 0.6249999999999968
vt 0.24999999999999675 0.5937148791106267
vt 0.3155125000000022 0.8125000000000016
vt 0.25000000000000216 0.8125000000000016
vt 0.25000000000000216 0.7725000000000015
vt 0.3155125000000022 0.7725000000000015
vt 0.2812851208893732 0.8749999999999986
vt 0.250000000000003 0.8749999999999986
vt 0.25000049819010295 0.8350014443651159
vt 0.2812856190794729 0.8350014443651159
vt 0.2530125000000019 0.8125000000000016
vt 0.1875000000000019 0.8125000000000016
vt 0.1875000000000019 0.7725062500000015
vt 0.2530125000000019 0.7725062500000015
vn 0.8910070536994902 0.4539894605139572 0
vn 0.7071067811865476 0.7071067811865476 0
vn 0.45398946051395334 0.8910070536994921 0
vn 0.15642211858885796 0.9876902960018255 0
vn -0.15645329833072158 0.987685357510902 0
vn -0.45398946051395633 0.8910070536994906 0
vn -0.7071067811865458 0.7071067811865493 0
vn -0.8910070536994908 0.4539894605139558 0
vn -0.9876853575109025 0.15645329833071817 0
vn -0.987690296001825 -0.15642211858885974 0
vn -0.8910070536994908 -0.4539894605139558 0
vn -0.7071067811865476 -0.7071067811865476 0
vn -0.4539894605139563 -0.8910070536994907 0
vn -0.15642211858885796 -0.9876902960018255 0
vn 0.15645329833072158 -0.987685357510902 0
vn 0.45398946051395633 -0.8910070536994906 0
vn 0.7071067811865476 -0.7071067811865476 0
vn 0.8910070536994908 -0.4539894605139558 0
vn 0.9876853575109025 -0.15645329833071817 0
vn 0.987690296001825 0.15642211858885974 0
vn 0 0 -1
vn 0 0 -1
vn 0 0 -1
vn 0 0 -1
vn 0 0 -1
vn 0 0 -1
vn 0 0 -1
vn 0 0 -1
vn 0 0 -1
vn 0 0 -1
vn 0 0 -1
vn 0 0 -1
vn 0 0 -1
vn 0 0 -1
vn 0 0 -1
vn 0 0 -1
vn 0 0 -1
vn 0 0 -1
vn 0 0 -1
vn 0 0 -1
vn 0 0 1
vn 0 0 1
vn 0 0 1
vn 0 0 1
vn 0 0 1
vn 0 0 1
vn 0 0 1
vn 0 0 1
vn 0 0 1
vn 0 0 1
vn 0 0 1
vn 0 0 1
vn 0 0 1
vn 0 0 1
vn 0 0 1
vn 0 0 1
vn 0 0 1
vn 0 0 1
vn 0 0 1
vn 0 0 1
vn 0 0 -1
vn -0.45398083354932045 0.8910114492922435 0
vn 0 0 1
vn 0.4539808335493226 -0.8910114492922424 0
vn 0 0 -1
vn -0.8910114492922422 0.45398083354932306 0
vn 0 0 1
vn 0.8910114492922429 -0.45398083354932217 0
vn 0 0 -1
vn -0.9876894765472878 -0.15642729275207898 0
vn 0 0 1
vn 0.9876900882710447 0.15642343024987118 0
vn 0 0 -1
vn -0.7071067811865471 -0.7071067811865479 0
vn 0 0 1
vn 0.7071067811865458 0.7071067811865493 0
vn 0 0 -1
vn -0.15642343024987054 -0.9876900882710447 0
vn 0 0 1
vn 0.15642729275207776 0.987689476547288 0
vn 0 0 -1
vn 0.4539808335493226 -0.8910114492922424 0
vn 0 0 1
vn -0.4539808335493226 0.8910114492922424 0
vn 0 0 -1
vn 0.8910114492922429 -0.453980833549322 0
vn 0 0 1
vn -0.8910114492922429 0.45398083354932217 0
vn 0 0 -1
vn 0.9876894765472878 0.15642729275207898 0
vn 0 0 1
vn -0.9876900882710447 -0.15642343024987118 0
vn 0 0 -1
vn 0.7071067811865471 0.7071067811865479 0
vn 0 0 1
vn -0.7071067811865471 -0.7071067811865479 0
vn 0 0 -1
vn 0.15642343024987326 0.9876900882710443 0
vn 0 0 1
vn -0.15642729275208048 -0.9876894765472877 0
usemtl m_d5e3219d-fd1a-841f-5237-bf7461fd2e19
f 147/313/79 148/314/79 149/315/79 150/316/79
f 151/317/80 152/318/80 153/319/80 154/320/80
f 155/321/81 156/322/81 157/323/81 158/324/81
f 159/325/82 160/326/82 161/327/82 162/328/82
f 163/329/83 164/330/83 165/331/83 166/332/83
f 167/333/84 168/334/84 169/335/84 170/336/84
f 171/337/85 172/338/85 173/339/85 174/340/85
f 175/341/86 176/342/86 177/343/86 178/344/86
f 179/345/87 180/346/87 181/347/87 182/348/87
f 183/349/88 184/350/88 185/351/88 186/352/88
f 187/353/89 188/354/89 189/355/89 190/356/89
f 191/357/90 192/358/90 193/359/90 194/360/90
f 195/361/91 196/362/91 197/363/91 198/364/91
f 199/365/92 200/366/92 201/367/92 202/368/92
f 203/369/93 204/370/93 205/371/93 206/372/93
f 207/373/94 208/374/94 209/375/94 210/376/94
f 211/377/95 212/378/95 213/379/95 214/380/95
f 215/381/96 216/382/96 217/383/96 218/384/96
f 219/385/97 220/386/97 221/387/97 222/388/97
f 223/389/98 224/390/98 225/391/98 226/392/98
f 151/393/99 224/394/99 227/395/99 227/395/99
f 152/397/100 151/398/100 227/399/100 227/399/100
f 159/401/101 152/402/101 227/403/101 227/403/101
f 160/405/102 159/406/102 227/407/102 227/407/102
f 167/409/103 160/410/103 227/411/103 227/411/103
f 168/413/104 167/414/104 227/415/104 227/415/104
f 175/417/105 168/418/105 227/419/105 227/419/105
f 176/421/106 175/422/106 227/423/106 227/423/106
f 183/425/107 176/426/107 227/427/107 227/427/107
f 184/429/108 183/430/108 227/431/108 227/431/108
f 191/433/109 184/434/109 227/435/109 227/435/109
f 192/437/110 191/438/110 227/439/110 227/439/110
f 199/441/111 192/442/111 227/443/111 227/443/111
f 200/445/112 199/446/112 227/447/112 227/447/112
f 207/449/113 200/450/113 227/451/113 227/451/113
f 208/453/114 207/454/114 227/455/114 227/455/114
f 215/457/115 208/458/115 227/459/115 227/459/115
f 216/461/116 215/462/116 227/463/116 227/463/116
f 223/465/117 216/466/117 227/467/117 227/467/117
f 224/469/118 223/470/118 227/471/118 227/471/118
f 225/473/119 154/474/119 228/475/119 228/475/119
f 154/477/120 153/478/120 228/479/120 228/479/120
f 153/481/121 162/482/121 228/483/121 228/483/121
f 162/485/122 161/486/122 228/487/122 228/487/122
f 161/489/123 170/490/123 228/491/123 228/491/123
f 170/493/124 169/494/124 228/495/124 228/495/124
f 169/497/125 178/498/125 228/499/125 228/499/125
f 178/501/126 177/502/126 228/503/126 228/503/126
f 177/505/127 186/506/127 228/507/127 228/507/127
f 186/509/128 185/510/128 228/511/128 228/511/128
f 185/513/129 194/514/129 228/515/129 228/515/129
f 194/517/130 193/518/130 228/519/130 228/519/130
f 193/521/131 202/522/131 228/523/131 228/523/131
f 202/525/132 201/526/132 228/527/132 228/527/132
f 201/529/133 210/530/133 228/531/133 228/531/133
f 210/533/134 209/534/134 228/535/134 228/535/134
f 209/537/135 218/538/135 228/539/135 228/539/135
f 218/541/136 217/542/136 228/543/136 228/543/136
f 217/545/137 226/546/137 228/547/137 228/547/137
f 226/549/138 225/550/138 228/551/138 228/551/138
f 224/553/139 151/554/139 148/555/139 147/556/139
f 151/557/140 154/558/140 149/559/140 148/560/140
f 154/561/141 225/562/141 150/563/141 149/564/141
f 225/565/142 224/566/142 147/567/142 150/568/142
f 152/569/143 159/570/143 156/571/143 155/572/143
f 159/573/144 162/574/144 157/575/144 156/576/144
f 162/577/145 153/578/145 158/579/145 157/580/145
f 153/581/146 152/582/146 155/583/146 158/584/146
f 160/585/147 167/586/147 164/587/147 163/588/147
f 167/589/148 170/590/148 165/591/148 164/592/148
f 170/593/149 161/594/149 166/595/149 165/596/149
f 161/597/150 160/598/150 163/599/150 166/600/150
f 168/601/151 175/602/151 172/603/151 171/604/151
f 175/605/152 178/606/152 173/607/152 172/608/152
f 178/609/153 169/610/153 174/611/153 173/612/153
f 169/613/154 168/614/154 171/615/154 174/616/154
f 176/617/155 183/618/155 180/619/155 179/620/155
f 183/621/156 186/622/156 181/623/156 180/624/156
f 186/625/157 177/626/157 182/627/157 181/628/157
f 177/629/158 176/630/158 179/631/158 182/632/158
f 184/633/159 191/634/159 188/635/159 187/636/159
f 191/637/160 194/638/160 189/639/160 188/640/160
f 194/641/161 185/642/161 190/643/161 189/644/161
f 185/645/162 184/646/162 187/647/162 190/648/162
f 192/649/163 199/650/163 196/651/163 195/652/163
f 199/653/164 202/654/164 197/655/164 196/656/164
f 202/657/165 193/658/165 198/659/165 197/660/165
f 193/661/166 192/662/166 195/663/166 198/664/166
f 200/665/167 207/666/167 204/667/167 203/668/167
f 207/669/168 210/670/168 205/671/168 204/672/168
f 210/673/169 201/674/169 206/675/169 205/676/169
f 201/677/170 200/678/170 203/679/170 206/680/170
f 208/681/171 215/682/171 212/683/171 211/684/171
f 215/685/172 218/686/172 213/687/172 212/688/172
f 218/689/173 209/690/173 214/691/173 213/692/173
f 209/693/174 208/694/174 211/695/174 214/696/174
f 216/697/175 223/698/175 220/699/175 219/700/175
f 223/701/176 226/702/176 221/703/176 220/704/176
f 226/705/177 217/706/177 222/707/177 221/708/177
f 217/709/178 216/710/178 219/711/178 222/712/178
o default
o pCylinder2
v 0.126291 0.946791 0.307
v 0.112087 0.974668 0.307
v 0.112087 0.974668 0.373
v 0.126291 0.946791 0.373
v 0.080902 0.958779 0.307
v 0.058779 0.980902 0.307
v 0.058779 0.980902 0.373
v 0.080902 0.958779 0.373
v 0.074668 1.012087 0.307
v 0.046791 1.026291 0.307
v 0.046791 1.026291 0.373
v 0.074668 1.012087 0.373
v 0.030902 0.995106 0.307
v 0 1 0.307
v 0 1 0.373
v 0.030902 0.995106 0.373
v -0.005475 1.034569 0.307
v -0.036377 1.029675 0.307
v -0.036377 1.029675 0.373
v -0.005475 1.034569 0.373
v -0.030902 0.995106 0.307
v -0.058779 0.980902 0.307
v -0.058779 0.980902 0.373
v -0.030902 0.995106 0.373
v -0.083527 1.00565 0.307
v -0.10565 0.983527 0.307
v -0.10565 0.983527 0.373
v -0.083527 1.00565 0.373
v -0.080902 0.958779 0.307
v -0.095106 0.930902 0.307
v -0.095106 0.930902 0.373
v -0.080902 0.958779 0.373
v -0.129675 0.936377 0.307
v -0.134569 0.905475 0.307
v -0.134569 0.905475 0.373
v -0.129675 0.936377 0.373
v -0.1 0.9 0.307
v -0.095106 0.869098 0.307
v -0.095106 0.869098 0.373
v -0.1 0.9 0.373
v -0.126291 0.853209 0.307
v -0.112087 0.825332 0.307
v -0.112087 0.825332 0.373
v -0.126291 0.853209 0.373
v -0.080902 0.841221 0.307
v -0.058779 0.819098 0.307
v -0.058779 0.819098 0.373
v -0.080902 0.841221 0.373
v -0.074668 0.787913 0.307
v -0.046791 0.773709 0.307
v -0.046791 0.773709 0.373
v -0.074668 0.787913 0.373
v -0.030902 0.804894 0.307
v 0 0.8 0.307
v 0 0.8 0.373
v -0.030902 0.804894 0.373
v 0.005475 0.765431 0.307
v 0.036377 0.770325 0.307
v 0.036377 0.770325 0.373
v 0.005475 0.765431 0.373
v 0.030902 0.804894 0.307
v 0.058779 0.819098 0.307
v 0.058779 0.819098 0.373
v 0.030902 0.804894 0.373
v 0.083527 0.79435 0.307
v 0.10565 0.816473 0.307
v 0.10565 0.816473 0.373
v 0.083527 0.79435 0.373
v 0.080902 0.841221 0.307
v 0.095106 0.869098 0.307
v 0.095106 0.869098 0.373
v 0.080902 0.841221 0.373
v 0.129675 0.863623 0.307
v 0.134569 0.894525 0.307
v 0.134569 0.894525 0.373
v 0.129675 0.863623 0.373
v 0.1 0.9 0.307
v 0.095106 0.930902 0.307
v 0.095106 0.930902 0.373
v 0.1 0.9 0.373
v 0 0.9 0.307
v 0 0.9 0.373
vt 0.31599999999999756 0.46871250000000286
vt 0.31599999999999756 0.5000000000000029
vt 0.24999999999999756 0.5000000000000029
vt 0.24999999999999756 0.46871250000000286
vt 0.31599999999999756 0.4687125000000013
vt 0.31599999999999756 0.5000000000000013
vt 0.24999999999999756 0.5000000000000013
vt 0.24999999999999756 0.4687125000000013
vt 0.31599999999999756 0.46871875000000174
vt 0.31599999999999756 0.5000000000000018
vt 0.24999999999999756 0.5000000000000018
vt 0.24999999999999756 0.46871875000000174
vt 0.31599999999999756 0.5312125000000013
vt 0.31599999999999756 0.5625000000000013
vt 0.24999999999999756 0.5625000000000013
vt 0.24999999999999756 0.5312125000000013
vt 0.24999999999999784 0.5624999999999998
vt 0.24999999999999784 0.5312187499999997
vt 0.31599999999999784 0.5312187499999997
vt 0.31599999999999784 0.5624999999999998
vt 0.31249999999999784 0.5000000000000018
vt 0.31249999999999784 0.46871250000000164
vt 0.37849999999999784 0.46871250000000164
vt 0.37849999999999784 0.5000000000000018
vt 0.31249999999999784 0.5000000000000013
vt 0.31249999999999784 0.4687125000000013
vt 0.37849999999999784 0.4687125000000013
vt 0.37849999999999784 0.5000000000000013
vt 0.31249999999999784 0.5000000000000029
vt 0.31249999999999784 0.46871250000000286
vt 0.37849999999999784 0.46871250000000286
vt 0.37849999999999784 0.5000000000000029
vt 0.31249999999999784 0.4999999999999972
vt 0.31249999999999784 0.4687124999999972
vt 0.37849999999999784 0.4687124999999972
vt 0.37849999999999784 0.4999999999999972
vt 0.31249999999999784 0.5000000000000028
vt 0.31249999999999784 0.46871250000000275
vt 0.37849999999999784 0.46871250000000275
vt 0.37849999999999784 0.5000000000000028
vt 0.37499999999999784 0.5000000000000029
vt 0.37499999999999784 0.46871250000000286
vt 0.44099999999999784 0.46871250000000286
vt 0.44099999999999784 0.5000000000000029
vt 0.37499999999999784 0.5000000000000013
vt 0.37499999999999784 0.4687125000000013
vt 0.44099999999999784 0.4687125000000013
vt 0.44099999999999784 0.5000000000000013
vt 0.37499999999999784 0.5000000000000018
vt 0.37499999999999784 0.46871250000000164
vt 0.44099999999999784 0.46871250000000164
vt 0.44099999999999784 0.5000000000000018
vt 0.37499999999999784 0.5625000000000013
vt 0.37499999999999784 0.5312125000000013
vt 0.44099999999999784 0.5312125000000013
vt 0.44099999999999784 0.5625000000000013
vt 0.44099999999999756 0.5312125000000013
vt 0.44099999999999756 0.5625000000000013
vt 0.37499999999999756 0.5625000000000013
vt 0.37499999999999756 0.5312125000000013
vt 0.5034999999999976 0.46871875000000174
vt 0.5034999999999976 0.5000000000000018
vt 0.43749999999999756 0.5000000000000018
vt 0.43749999999999756 0.46871875000000174
vt 0.5034999999999976 0.4687125000000013
vt 0.5034999999999976 0.5000000000000013
vt 0.43749999999999756 0.5000000000000013
vt 0.43749999999999756 0.4687125000000013
vt 0.5034999999999976 0.46871250000000286
vt 0.5034999999999976 0.5000000000000029
vt 0.43749999999999756 0.5000000000000029
vt 0.43749999999999756 0.46871250000000286
vt 0.5034999999999976 0.46871250000000275
vt 0.5034999999999976 0.5000000000000028
vt 0.43749999999999756 0.5000000000000028
vt 0.43749999999999756 0.46871250000000275
vt 0.5034999999999976 0.4687124999999972
vt 0.5034999999999976 0.4999999999999972
vt 0.43749999999999756 0.4999999999999972
vt 0.43749999999999756 0.4687124999999972
vt 0.3300881965720538 0.5740579413659725
vt 0.3161312785798559 0.5465804168594639
vt 0.40968225452533935 0.5161966154476727
vt 0.40968225452533935 0.5161966154476727
vt 0.3518728793209319 0.5958876003189237
vt 0.3300881965720538 0.5740579413659725
vt 0.40968225452533935 0.5161966154476727
vt 0.40968225452533935 0.5161966154476727
vt 0.3793474355757023 0.609908917470152
vt 0.3518728793209319 0.5958876003189237
vt 0.40968225452533935 0.5161966154476727
vt 0.40968225452533935 0.5161966154476727
vt 0.4098031630421348 0.6147327431924479
vt 0.3793474355757023 0.609908917470152
vt 0.40968225452533935 0.5161966154476727
vt 0.40968225452533935 0.5161966154476727
vt 0.4402338811240364 0.6098862122466913
vt 0.4098031630421348 0.6147327431924479
vt 0.40968225452533935 0.5161966154476727
vt 0.40968225452533935 0.5161966154476727
vt 0.46763964478547215 0.5958559431334937
vt 0.4402338811240364 0.6098862122466913
vt 0.40968225452533935 0.5161966154476727
vt 0.40968225452533935 0.5161966154476727
vt 0.4893283840694318 0.5740390376881279
vt 0.46763964478547215 0.5958559431334937
vt 0.40968225452533935 0.5161966154476727
vt 0.40968225452533935 0.5161966154476727
vt 0.5031837638203529 0.5465946344857732
vt 0.4893283840694318 0.5740390376881279
vt 0.40968225452533935 0.5161966154476727
vt 0.40968225452533935 0.5161966154476727
vt 0.5078680454019747 0.5162252370900847
vt 0.5031837638203529 0.5465946344857732
vt 0.40968225452533935 0.5161966154476727
vt 0.40968225452533935 0.5161966154476727
vt 0.5029484680890869 0.48590530012241084
vt 0.5078680454019747 0.5162252370900847
vt 0.40968225452533935 0.5161966154476727
vt 0.40968225452533935 0.5161966154476727
vt 0.4889264469804031 0.4585896261235952
vt 0.5029484680890869 0.48590530012241084
vt 0.40968225452533935 0.5161966154476727
vt 0.40968225452533935 0.5161966154476727
vt 0.46718427825593245 0.43692931862984374
vt 0.4889264469804031 0.4585896261235952
vt 0.40968225452533935 0.5161966154476727
vt 0.40968225452533935 0.5161966154476727
vt 0.4398436156771277 0.42302017057229346
vt 0.46718427825593245 0.43692931862984374
vt 0.40968225452533935 0.5161966154476727
vt 0.40968225452533935 0.5161966154476727
vt 0.40956201842167284 0.41820848041443404
vt 0.4398436156771277 0.42302017057229346
vt 0.40968225452533935 0.5161966154476727
vt 0.40968225452533935 0.5161966154476727
vt 0.3792791540228254 0.4229624886715202
vt 0.40956201842167284 0.41820848041443404
vt 0.40968225452533935 0.5161966154476727
vt 0.40968225452533935 0.5161966154476727
vt 0.3519384920214105 0.4368309076670588
vt 0.3792791540228254 0.4229624886715202
vt 0.40968225452533935 0.5161966154476727
vt 0.40968225452533935 0.5161966154476727
vt 0.3302072376965335 0.45847846257203095
vt 0.3519384920214105 0.4368309076670588
vt 0.40968225452533935 0.5161966154476727
vt 0.40968225452533935 0.5161966154476727
vt 0.3162179650978575 0.48581069685854184
vt 0.3302072376965335 0.45847846257203095
vt 0.40968225452533935 0.5161966154476727
vt 0.40968225452533935 0.5161966154476727
vt 0.31135955582439767 0.5161679538959544
vt 0.3162179650978575 0.48581069685854184
vt 0.40968225452533935 0.5161966154476727
vt 0.40968225452533935 0.5161966154476727
vt 0.3161312785798559 0.5465804168594639
vt 0.31135955582439767 0.5161679538959544
vt 0.40968225452533935 0.5161966154476727
vt 0.40968225452533935 0.5161966154476727
vt 0.492905 0.91049
vt 0.474839 0.945879
vt 0.375055 0.86638
vt 0.375055 0.86638
vt 0.474839 0.945879
vt 0.447125 0.974376
vt 0.375055 0.86638
vt 0.375055 0.86638
vt 0.447125 0.974376
vt 0.41264 0.993011
vt 0.375055 0.86638
vt 0.375055 0.86638
vt 0.41264 0.993011
vt 0.374618 0.999647
vt 0.375055 0.86638
vt 0.375055 0.86638
vt 0.374618 0.999647
vt 0.336524 0.993417
vt 0.375055 0.86638
vt 0.375055 0.86638
vt 0.336524 0.993417
vt 0.301978 0.974992
vt 0.375055 0.86638
vt 0.375055 0.86638
vt 0.301978 0.974992
vt 0.274424 0.946461
vt 0.375055 0.86638
vt 0.375055 0.86638
vt 0.274424 0.946461
vt 0.256663 0.910922
vt 0.375055 0.86638
vt 0.375055 0.86638
vt 0.256663 0.910922
vt 0.250519 0.872015
vt 0.375055 0.86638
vt 0.375055 0.86638
vt 0.250519 0.872015
vt 0.256716 0.833549
vt 0.375055 0.86638
vt 0.375055 0.86638
vt 0.256716 0.833549
vt 0.274787 0.799185
vt 0.375055 0.86638
vt 0.375055 0.86638
vt 0.3124999999999998 0.7537187500000014
vt 0.33461874999999974 0.7316000000000015
vt 0.39339999999999975 0.8125000000000014
vt 0.39339999999999975 0.8125000000000014
vt 0.31250000000000266 0.7316000000000015
vt 0.3403812500000027 0.7173937500000014
vt 0.37128125000000267 0.8125000000000014
vt 0.37128125000000267 0.8125000000000014
vt 0.3750000000000026 0.7173937500000014
vt 0.4059000000000026 0.7125000000000015
vt 0.4059000000000026 0.8125000000000014
vt 0.4059000000000026 0.8125000000000014
vt 0.375 0.7125000000000015
vt 0.4059 0.7173937500000014
vt 0.375 0.8125000000000014
vt 0.375 0.8125000000000014
vt 0.4059 0.7173937500000014
vt 0.43378125 0.7316000000000015
vt 0.375 0.8125000000000014
vt 0.375 0.8125000000000014
vt 0.43378125 0.7316000000000015
vt 0.45589999999999997 0.7537187500000014
vt 0.375 0.8125000000000014
vt 0.375 0.8125000000000014
vt 0.475538 0.798602
vt 0.493165 0.833117
vt 0.375055 0.86638
vt 0.375055 0.86638
vt 0.493165 0.833117
vt 0.499246 0.871661
vt 0.375055 0.86638
vt 0.375055 0.86638
vt 0.499246 0.871661
vt 0.492905 0.91049
vt 0.375055 0.86638
vt 0.375055 0.86638
vt 0.2499999999999971 0.3399961225184366
vt 0.2812918781894731 0.3399961225184366
vt 0.281288872217782 0.37499716255247184
vt 0.25000256281556266 0.37500000000000255
vt 0.24999999999999784 0.527500000000001
vt 0.31599999999999784 0.527500000000001
vt 0.31599999999999784 0.562500000000001
vt 0.24999999999999784 0.562500000000001
vt 0.250000000000001 0.6875000000000022
vt 0.250000000000001 0.6562081218105262
vt 0.28500387748156697 0.6562106846260918
vt 0.28500104003403626 0.6874969940283111
vt 0.18749999999999756 0.527500000000001
vt 0.25349999999999756 0.527500000000001
vt 0.25349999999999756 0.562500000000001
vt 0.18749999999999756 0.562500000000001
vt 0.2499999999999994 0.2774961225184367
vt 0.2812918781894753 0.2774961225184366
vt 0.2812893153739097 0.31250000000000255
vt 0.25000300597169045 0.31249716255247184
vt 0.24999999999999784 0.4649999999999982
vt 0.31599999999999784 0.4649999999999982
vt 0.31599999999999784 0.4999999999999982
vt 0.24999999999999784 0.4999999999999982
vt 0.250000000000001 0.6874999999999973
vt 0.2500000000000011 0.6562081218105213
vt 0.28500104003403626 0.6562111277822125
vt 0.28500387748156697 0.6874974371844318
vt 0.24999999999999756 0.4649999999999982
vt 0.31599999999999756 0.4649999999999982
vt 0.31599999999999756 0.4999999999999982
vt 0.24999999999999756 0.4999999999999982
vt 0.31249999999999944 0.37500000000000266
vt 0.31249999999999944 0.3437148791106326
vt 0.3474996300197142 0.34371466560058983
vt 0.3474996300197142 0.3749997864899599
vt 0.31249999999999784 0.4649999999999965
vt 0.37849999999999784 0.4649999999999965
vt 0.37849999999999784 0.49999999999999645
vt 0.31249999999999784 0.49999999999999645
vt 0.3125002135100458 0.6525003699802875
vt 0.3437853343994159 0.6525003699802875
vt 0.34378512088937313 0.6875000000000022
vt 0.31250000000000305 0.6875000000000022
vt 0.24999999999999756 0.4649999999999965
vt 0.31599999999999756 0.4649999999999965
vt 0.31599999999999756 0.49999999999999645
vt 0.24999999999999756 0.49999999999999645
vt 0.3124999999999982 0.31249558058261906
vt 0.3124999999999981 0.28121494434987926
vt 0.34749736625134986 0.28121052493249676
vt 0.34749736625134986 0.31250000000000133
vt 0.31249999999999784 0.4650000000000022
vt 0.37849999999999784 0.4650000000000022
vt 0.37849999999999784 0.5000000000000021
vt 0.31249999999999784 0.5000000000000021
vt 0.31250441941738205 0.6525026337486518
vt 0.34378505565012185 0.6525026337486519
vt 0.3437894750675041 0.6875000000000036
vt 0.31249999999999956 0.6875000000000036
vt 0.31249999999999756 0.4650000000000022
vt 0.37849999999999756 0.4650000000000022
vt 0.37849999999999756 0.5000000000000021
vt 0.31249999999999756 0.5000000000000021
vt 0.37500000000000067 0.31249978648996
vt 0.37500000000000067 0.28121466560059005
vt 0.40999963001971534 0.2812148791106328
vt 0.4099996300197154 0.3125000000000028
vt 0.31249999999999784 0.46499999999999664
vt 0.37849999999999784 0.46499999999999664
vt 0.37849999999999784 0.49999999999999667
vt 0.31249999999999784 0.49999999999999667
vt 0.31249999999999667 0.652500369980288
vt 0.34378512088936675 0.6525003699802879
vt 0.3437853343994095 0.6875000000000027
vt 0.31250021351003954 0.6875000000000027
vt 0.31249999999999756 0.46499999999999664
vt 0.37849999999999756 0.46499999999999664
vt 0.37849999999999756 0.49999999999999667
vt 0.31249999999999756 0.49999999999999667
vt 0.40629187818947476 0.312500000000002
vt 0.37499999999999867 0.312500000000002
vt 0.3750030059716899 0.27749895996596685
vt 0.4062893153739092 0.27749612251843625
vt 0.44099999999999756 0.5000000000000004
vt 0.37499999999999756 0.5000000000000004
vt 0.37499999999999756 0.4650000000000004
vt 0.44099999999999756 0.4650000000000004
vt 0.3475038774815661 0.6562081218105209
vt 0.347503877481566 0.6874999999999968
vt 0.31250000000000017 0.6874974371844313
vt 0.3125028374475308 0.656211127782212
vt 0.44099999999999784 0.5000000000000004
vt 0.37499999999999784 0.5000000000000004
vt 0.37499999999999784 0.4650000000000004
vt 0.44099999999999784 0.4650000000000004
vt 0.4062918781894759 0.3124999999999988
vt 0.3749999999999999 0.3124999999999989
vt 0.3750025628155654 0.27749612251843314
vt 0.4062888722177846 0.27749895996596363
vt 0.44099999999999756 0.49999999999999756
vt 0.37499999999999756 0.49999999999999756
vt 0.37499999999999756 0.46499999999999764
vt 0.44099999999999756 0.46499999999999764
vt 0.4725038774815633 0.6562081218105219
vt 0.4725038774815632 0.6874999999999979
vt 0.43750283744752805 0.6874969940283067
vt 0.43749999999999756 0.6562106846260873
vt 0.44099999999999784 0.49999999999999756
vt 0.37499999999999784 0.49999999999999756
vt 0.37499999999999784 0.46499999999999764
vt 0.44099999999999784 0.46499999999999764
vt 0.47249963001971773 0.34371466560058894
vt 0.47249963001971773 0.374999786489959
vt 0.4375000000000031 0.375000000000002
vt 0.437500000000003 0.3437148791106318
vt 0.44099999999999756 0.562500000000003
vt 0.37499999999999756 0.562500000000003
vt 0.37499999999999756 0.527500000000003
vt 0.44099999999999756 0.527500000000003
vt 0.46878512088937246 0.7499999999999987
vt 0.43750000000000244 0.7499999999999987
vt 0.43750021351004525 0.7150003699802839
vt 0.4687853343994154 0.715000369980284
vt 0.44099999999999784 0.562500000000003
vt 0.37499999999999784 0.562500000000003
vt 0.37499999999999784 0.527500000000003
vt 0.44099999999999784 0.527500000000003
vt 0.47249736625135197 0.28121494434987937
vt 0.47249736625135197 0.3124955805826193
vt 0.4375000000000002 0.31250000000000155
vt 0.4375000000000002 0.281210524932497
vt 0.5034999999999976 0.5625000000000016
vt 0.43749999999999756 0.5625000000000016
vt 0.43749999999999756 0.5275000000000015
vt 0.5034999999999976 0.5275000000000015
vt 0.4687850556501221 0.7499999999999986
vt 0.43750441941738216 0.7499999999999986
vt 0.4374999999999998 0.7150026337486468
vt 0.46878947506750435 0.7150026337486468
vt 0.5034999999999978 0.5625000000000016
vt 0.43749999999999784 0.5625000000000016
vt 0.43749999999999784 0.5275000000000015
vt 0.5034999999999978 0.5275000000000015
vt 0.4724996300197175 0.28121487911063114
vt 0.4724996300197175 0.3125000000000012
vt 0.4375000000000029 0.31249978648995846
vt 0.43750000000000283 0.2812146656005884
vt 0.5034999999999976 0.5625000000000031
vt 0.43749999999999756 0.5625000000000031
vt 0.43749999999999756 0.5275000000000032
vt 0.5034999999999976 0.5275000000000032
vt 0.46878533439941483 0.7499999999999986
vt 0.43750021351004464 0.7499999999999986
vt 0.4375000000000019 0.7150003699802838
vt 0.46878512088937196 0.7150003699802838
vt 0.5034999999999978 0.5625000000000031
vt 0.43749999999999784 0.5625000000000031
vt 0.43749999999999784 0.5275000000000032
vt 0.5034999999999978 0.5275000000000032
vn 0.8910070536994903 0.4539894605139569 0
vn 0.7071067811865476 0.7071067811865476 0
vn 0.45398946051395916 0.8910070536994892 0
vn 0.15642211858885793 0.9876902960018255 0
vn -0.15642211858886484 0.9876902960018242 0
vn -0.4539894605139564 0.8910070536994907 0
vn -0.707106781186546 0.7071067811865491 0
vn -0.891007053699491 0.45398946051395583 0
vn -0.9876902960018252 0.15642211858885885 0
vn -0.987690296001825 -0.1564221185888597 0
vn -0.8910070536994911 -0.45398946051395545 0
vn -0.7071067811865476 -0.7071067811865476 0
vn -0.4539894605139564 -0.8910070536994907 0
vn -0.15642211858885793 -0.9876902960018255 0
vn 0.15642211858886138 -0.9876902960018248 0
vn 0.4539894605139564 -0.8910070536994907 0
vn 0.7071067811865478 -0.7071067811865474 0
vn 0.891007053699491 -0.45398946051395583 0
vn 0.9876902960018252 -0.15642211858885885 0
vn 0.987690296001825 0.1564221185888597 0
vn 0 0 -1
vn 0 0 -1
vn 0 0 -1
vn 0 0 -1
vn 0 0 -1
vn 0 0 -1
vn 0 0 -1
vn 0 0 -1
vn 0 0 -1
vn 0 0 -1
vn 0 0 -1
vn 0 0 -1
vn 0 0 -1
vn 0 0 -1
vn 0 0 -1
vn 0 0 -1
vn 0 0 -1
vn 0 0 -1
vn 0 0 -1
vn 0 0 -1
vn 0 0 1
vn 0 0 1
vn 0 0 1
vn 0 0 1
vn 0 0 1
vn 0 0 1
vn 0 0 1
vn 0 0 1
vn 0 0 1
vn 0 0 1
vn 0 0 1
vn 0 0 1
vn 0 0 1
vn 0 0 1
vn 0 0 1
vn 0 0 1
vn 0 0 1
vn 0 0 1
vn 0 0 1
vn 0 0 1
vn 0 0 -1
vn -0.4539779981438376 0.8910128939590685 0
vn 0 0 1
vn 0.45397799814384027 -0.891012893959067 0
vn 0 0 -1
vn -0.8910128939590676 0.45397799814383893 0
vn 0 0 1
vn 0.8910128939590669 -0.4539779981438402 0
vn 0 0 -1
vn -0.9876891869263726 -0.15642912142156018 0
vn 0 0 1
vn 0.9876891869263728 0.1564291214215592 0
vn 0 0 -1
vn -0.7071067811865476 -0.7071067811865476 0
vn 0 0 1
vn 0.7071067811865458 0.7071067811865493 0
vn 0 0 -1
vn -0.15642912142155976 -0.9876891869263728 0
vn 0 0 1
vn 0.15642912142155965 0.9876891869263726 0
vn 0 0 -1
vn 0.4539779981438401 -0.891012893959067 0
vn 0 0 1
vn -0.45397799814384027 0.891012893959067 0
vn 0 0 -1
vn 0.8910128939590676 -0.45397799814383893 0
vn 0 0 1
vn -0.8910128939590676 0.45397799814383893 0
vn 0 0 -1
vn 0.9876891869263726 0.15642912142155968 0
vn 0 0 1
vn -0.9876891869263728 -0.1564291214215592 0
vn 0 0 -1
vn 0.7071067811865476 0.7071067811865476 0
vn 0 0 1
vn -0.7071067811865474 -0.7071067811865477 0
vn 0 0 -1
vn 0.15642912142155976 0.9876891869263728 0
vn 0 0 1
vn -0.15642912142155965 -0.9876891869263726 0
usemtl m_d5e3219d-fd1a-841f-5237-bf7461fd2e19
f 229/713/179 230/714/179 231/715/179 232/716/179
f 233/717/180 234/718/180 235/719/180 236/720/180
f 237/721/181 238/722/181 239/723/181 240/724/181
f 241/725/182 242/726/182 243/727/182 244/728/182
f 245/729/183 246/730/183 247/731/183 248/732/183
f 249/733/184 250/734/184 251/735/184 252/736/184
f 253/737/185 254/738/185 255/739/185 256/740/185
f 257/741/186 258/742/186 259/743/186 260/744/186
f 261/745/187 262/746/187 263/747/187 264/748/187
f 265/749/188 266/750/188 267/751/188 268/752/188
f 269/753/189 270/754/189 271/755/189 272/756/189
f 273/757/190 274/758/190 275/759/190 276/760/190
f 277/761/191 278/762/191 279/763/191 280/764/191
f 281/765/192 282/766/192 283/767/192 284/768/192
f 285/769/193 286/770/193 287/771/193 288/772/193
f 289/773/194 290/774/194 291/775/194 292/776/194
f 293/777/195 294/778/195 295/779/195 296/780/195
f 297/781/196 298/782/196 299/783/196 300/784/196
f 301/785/197 302/786/197 303/787/197 304/788/197
f 305/789/198 306/790/198 307/791/198 308/792/198
f 233/793/199 306/794/199 309/795/199 309/795/199
f 234/797/200 233/798/200 309/799/200 309/799/200
f 241/801/201 234/802/201 309/803/201 309/803/201
f 242/805/202 241/806/202 309/807/202 309/807/202
f 249/809/203 242/810/203 309/811/203 309/811/203
f 250/813/204 249/814/204 309/815/204 309/815/204
f 257/817/205 250/818/205 309/819/205 309/819/205
f 258/821/206 257/822/206 309/823/206 309/823/206
f 265/825/207 258/826/207 309/827/207 309/827/207
f 266/829/208 265/830/208 309/831/208 309/831/208
f 273/833/209 266/834/209 309/835/209 309/835/209
f 274/837/210 273/838/210 309/839/210 309/839/210
f 281/841/211 274/842/211 309/843/211 309/843/211
f 282/845/212 281/846/212 309/847/212 309/847/212
f 289/849/213 282/850/213 309/851/213 309/851/213
f 290/853/214 289/854/214 309/855/214 309/855/214
f 297/857/215 290/858/215 309/859/215 309/859/215
f 298/861/216 297/862/216 309/863/216 309/863/216
f 305/865/217 298/866/217 309/867/217 309/867/217
f 306/869/218 305/870/218 309/871/218 309/871/218
f 307/873/219 236/874/219 310/875/219 310/875/219
f 236/877/220 235/878/220 310/879/220 310/879/220
f 235/881/221 244/882/221 310/883/221 310/883/221
f 244/885/222 243/886/222 310/887/222 310/887/222
f 243/889/223 252/890/223 310/891/223 310/891/223
f 252/893/224 251/894/224 310/895/224 310/895/224
f 251/897/225 260/898/225 310/899/225 310/899/225
f 260/901/226 259/902/226 310/903/226 310/903/226
f 259/905/227 268/906/227 310/907/227 310/907/227
f 268/909/228 267/910/228 310/911/228 310/911/228
f 267/913/229 276/914/229 310/915/229 310/915/229
f 276/917/230 275/918/230 310/919/230 310/919/230
f 275/921/231 284/922/231 310/923/231 310/923/231
f 284/925/232 283/926/232 310/927/232 310/927/232
f 283/929/233 292/930/233 310/931/233 310/931/233
f 292/933/234 291/934/234 310/935/234 310/935/234
f 291/937/235 300/938/235 310/939/235 310/939/235
f 300/941/236 299/942/236 310/943/236 310/943/236
f 299/945/237 308/946/237 310/947/237 310/947/237
f 308/949/238 307/950/238 310/951/238 310/951/238
f 306/953/239 233/954/239 230/955/239 229/956/239
f 233/957/240 236/958/240 231/959/240 230/960/240
f 236/961/241 307/962/241 232/963/241 231/964/241
f 307/965/242 306/966/242 229/967/242 232/968/242
f 234/969/243 241/970/243 238/971/243 237/972/243
f 241/973/244 244/974/244 239/975/244 238/976/244
f 244/977/245 235/978/245 240/979/245 239/980/245
f 235/981/246 234/982/246 237/983/246 240/984/246
f 242/985/247 249/986/247 246/987/247 245/988/247
f 249/989/248 252/990/248 247/991/248 246/992/248
f 252/993/249 243/994/249 248/995/249 247/996/249
f 243/997/250 242/998/250 245/999/250 248/1000/250
f 250/1001/251 257/1002/251 254/1003/251 253/1004/251
f 257/1005/252 260/1006/252 255/1007/252 254/1008/252
f 260/1009/253 251/1010/253 256/1011/253 255/1012/253
f 251/1013/254 250/1014/254 253/1015/254 256/1016/254
f 258/1017/255 265/1018/255 262/1019/255 261/1020/255
f 265/1021/256 268/1022/256 263/1023/256 262/1024/256
f 268/1025/257 259/1026/257 264/1027/257 263/1028/257
f 259/1029/258 258/1030/258 261/1031/258 264/1032/258
f 266/1033/259 273/1034/259 270/1035/259 269/1036/259
f 273/1037/260 276/1038/260 271/1039/260 270/1040/260
f 276/1041/261 267/1042/261 272/1043/261 271/1044/261
f 267/1045/262 266/1046/262 269/1047/262 272/1048/262
f 274/1049/263 281/1050/263 278/1051/263 277/1052/263
f 281/1053/264 284/1054/264 279/1055/264 278/1056/264
f 284/1057/265 275/1058/265 280/1059/265 279/1060/265
f 275/1061/266 274/1062/266 277/1063/266 280/1064/266
f 282/1065/267 289/1066/267 286/1067/267 285/1068/267
f 289/1069/268 292/1070/268 287/1071/268 286/1072/268
f 292/1073/269 283/1074/269 288/1075/269 287/1076/269
f 283/1077/270 282/1078/270 285/1079/270 288/1080/270
f 290/1081/271 297/1082/271 294/1083/271 293/1084/271
f 297/1085/272 300/1086/272 295/1087/272 294/1088/272
f 300/1089/273 291/1090/273 296/1091/273 295/1092/273
f 291/1093/274 290/1094/274 293/1095/274 296/1096/274
f 298/1097/275 305/1098/275 302/1099/275 301/1100/275
f 305/1101/276 308/1102/276 303/1103/276 302/1104/276
f 308/1105/277 299/1106/277 304/1107/277 303/1108/277
f 299/1109/278 298/1110/278 301/1111/278 304/1112/278
o default
o pCylinder3
v 0.373 0.995106 -0.030902
v 0.373 0.980902 -0.058779
v 0.307 0.980902 -0.058779
v 0.307 0.995106 -0.030902
v 0.373 1.009186 -0.087063
v 0.373 0.987063 -0.109186
v 0.307 0.987063 -0.109186
v 0.307 1.009186 -0.087063
v 0.373 0.958779 -0.080902
v 0.373 0.930902 -0.095106
v 0.307 0.930902 -0.095106
v 0.307 0.958779 -0.080902
v 0.373 0.937159 -0.134613
v 0.373 0.906257 -0.139508
v 0.307 0.906257 -0.139508
v 0.307 0.937159 -0.134613
v 0.373 0.9 -0.1
v 0.373 0.869098 -0.095106
v 0.307 0.869098 -0.095106
v 0.307 0.9 -0.1
v 0.373 0.850939 -0.130746
v 0.373 0.823062 -0.116542
v 0.307 0.823062 -0.116542
v 0.307 0.850939 -0.130746
v 0.373 0.841221 -0.080902
v 0.373 0.819098 -0.058779
v 0.307 0.819098 -0.058779
v 0.307 0.841221 -0.080902
v 0.373 0.783458 -0.076938
v 0.373 0.769254 -0.049061
v 0.307 0.769254 -0.049061
v 0.307 0.783458 -0.076938
v 0.373 0.804894 -0.030902
v 0.373 0.8 0
v 0.307 0.8 0
v 0.307 0.804894 -0.030902
v 0.373 0.760492 0.006257
v 0.373 0.765387 0.037159
v 0.307 0.765387 0.037159
v 0.307 0.760492 0.006257
v 0.373 0.804894 0.030902
v 0.373 0.819098 0.058779
v 0.307 0.819098 0.058779
v 0.307 0.804894 0.030902
v 0.373 0.790814 0.087063
v 0.373 0.812937 0.109186
v 0.307 0.812937 0.109186
v 0.307 0.790814 0.087063
v 0.373 0.841221 0.080902
v 0.373 0.869098 0.095106
v 0.307 0.869098 0.095106
v 0.307 0.841221 0.080902
v 0.373 0.862841 0.134613
v 0.373 0.893743 0.139508
v 0.307 0.893743 0.139508
v 0.307 0.862841 0.134613
v 0.373 0.9 0.1
v 0.373 0.930902 0.095106
v 0.307 0.930902 0.095106
v 0.307 0.9 0.1
v 0.373 0.949061 0.130746
v 0.373 0.976938 0.116542
v 0.307 0.976938 0.116542
v 0.307 0.949061 0.130746
v 0.373 0.958779 0.080902
v 0.373 0.980902 0.058779
v 0.307 0.980902 0.058779
v 0.307 0.958779 0.080902
v 0.373 1.016542 0.076938
v 0.373 1.030746 0.049061
v 0.307 1.030746 0.049061
v 0.307 1.016542 0.076938
v 0.373 0.995106 0.030902
v 0.373 1 0
v 0.307 1 0
v 0.307 0.995106 0.030902
v 0.373 1.039508 -0.006257
v 0.373 1.034613 -0.037159
v 0.307 1.034613 -0.037159
v 0.307 1.039508 -0.006257
v 0.373 0.9 0
v 0.307 0.9 0
vt 0.06249999999999756 0.7500000000000018
vt 0.06249999999999756 0.7187125000000016
vt 0.12849999999999756 0.7187125000000016
vt 0.12849999999999756 0.7500000000000018
vt 0.12499999999999756 0.7500000000000013
vt 0.12499999999999756 0.7187125000000013
vt 0.19099999999999756 0.7187125000000013
vt 0.19099999999999756 0.7500000000000013
vt 0.12499999999999756 0.7500000000000029
vt 0.12499999999999756 0.7187125000000029
vt 0.19099999999999756 0.7187125000000029
vt 0.19099999999999756 0.7500000000000029
vt 0.12499999999999756 0.7500000000000011
vt 0.12499999999999756 0.7187125000000012
vt 0.19099999999999756 0.7187125000000012
vt 0.19099999999999756 0.7500000000000011
vt 0.12499999999999756 0.7500000000000028
vt 0.12499999999999756 0.7187125000000028
vt 0.19099999999999756 0.7187125000000028
vt 0.19099999999999756 0.7500000000000028
vt 0.12499999999999756 0.7500000000000029
vt 0.12499999999999756 0.7187125000000029
vt 0.19099999999999756 0.7187125000000029
vt 0.19099999999999756 0.7500000000000029
vt 0.12499999999999756 0.7500000000000013
vt 0.12499999999999756 0.7187125000000013
vt 0.19099999999999756 0.7187125000000013
vt 0.19099999999999756 0.7500000000000013
vt 0.12499999999999756 0.7500000000000018
vt 0.12499999999999756 0.7187187500000017
vt 0.19099999999999756 0.7187187500000017
vt 0.19099999999999756 0.7500000000000018
vt 0.12499999999999756 0.8125000000000013
vt 0.12499999999999756 0.7812125000000013
vt 0.19099999999999756 0.7812125000000013
vt 0.19099999999999756 0.8125000000000013
vt 0.25349999999999784 0.7812125000000005
vt 0.25349999999999784 0.8125000000000004
vt 0.18749999999999784 0.8125000000000004
vt 0.18749999999999784 0.7812125000000005
vt 0.25349999999999784 0.7187187500000017
vt 0.25349999999999784 0.7500000000000018
vt 0.18749999999999784 0.7500000000000018
vt 0.18749999999999784 0.7187187500000017
vt 0.25349999999999784 0.7187125000000013
vt 0.25349999999999784 0.7500000000000013
vt 0.18749999999999784 0.7500000000000013
vt 0.18749999999999784 0.7187125000000013
vt 0.25349999999999784 0.7187125000000029
vt 0.25349999999999784 0.7500000000000029
vt 0.18749999999999784 0.7500000000000029
vt 0.18749999999999784 0.7187125000000029
vt 0.25349999999999784 0.7187125000000028
vt 0.25349999999999784 0.7500000000000028
vt 0.18749999999999784 0.7500000000000028
vt 0.18749999999999784 0.7187125000000028
vt 0.25349999999999784 0.7187124999999972
vt 0.25349999999999784 0.7499999999999972
vt 0.18749999999999784 0.7499999999999972
vt 0.18749999999999784 0.7187124999999972
vt 0.25349999999999784 0.7187125000000029
vt 0.25349999999999784 0.7500000000000029
vt 0.18749999999999784 0.7500000000000029
vt 0.18749999999999784 0.7187125000000029
vt 0.25349999999999784 0.7187125000000013
vt 0.25349999999999784 0.7500000000000013
vt 0.18749999999999784 0.7500000000000013
vt 0.18749999999999784 0.7187125000000013
vt 0.25349999999999784 0.7187187500000017
vt 0.25349999999999784 0.7500000000000018
vt 0.18749999999999784 0.7500000000000018
vt 0.18749999999999784 0.7187187500000017
vt 0.25349999999999784 0.7812125000000013
vt 0.25349999999999784 0.8125000000000013
vt 0.18749999999999784 0.8125000000000013
vt 0.18749999999999784 0.7812125000000013
vt 0.18749999999999756 0.812500000000002
vt 0.18749999999999756 0.7812125000000021
vt 0.25349999999999756 0.7812125000000021
vt 0.25349999999999756 0.812500000000002
vt 0.18378125 0.6732937500000008
vt 0.1559 0.6875000000000009
vt 0.125 0.5923937500000008
vt 0.125 0.5923937500000008
vt 0.2059 0.6653812500000017
vt 0.18378125 0.6875000000000018
vt 0.125 0.6066000000000017
vt 0.125 0.6066000000000017
vt 0.22010625 0.6596187499999987
vt 0.2059 0.6874999999999988
vt 0.125 0.6287187499999988
vt 0.125 0.6287187499999988
vt 0.225 0.6565999999999989
vt 0.22010625 0.6874999999999988
vt 0.125 0.6565999999999989
vt 0.125 0.6565999999999989
vt 0.15760625 0.5941000000000014
vt 0.1625 0.6250000000000014
vt 0.0625 0.6250000000000014
vt 0.0625 0.6250000000000014
vt 0.1434 0.5662187500000014
vt 0.15760625 0.5941000000000014
vt 0.0625 0.6250000000000014
vt 0.0625 0.6250000000000014
vt 0.12128125000000001 0.6066000000000015
vt 0.1434 0.6287187500000014
vt 0.0625 0.6875000000000014
vt 0.0625 0.6875000000000014
vt 0.0934 0.5923937500000014
vt 0.12128125000000001 0.6066000000000015
vt 0.0625 0.6875000000000014
vt 0.0625 0.6875000000000014
vt 0.125 0.5875000000000015
vt 0.1559 0.5923937500000014
vt 0.125 0.6875000000000014
vt 0.125 0.6875000000000014
vt 0.12500000000000258 0.5923937500000014
vt 0.1559000000000026 0.5875000000000015
vt 0.1559000000000026 0.6875000000000014
vt 0.1559000000000026 0.6875000000000014
vt 0.06250000000000266 0.6066000000000015
vt 0.09038125000000267 0.5923937500000014
vt 0.12128125000000267 0.6875000000000014
vt 0.12128125000000267 0.6875000000000014
vt 0.06249999999999975 0.6287187500000014
vt 0.08461874999999974 0.6066000000000015
vt 0.14339999999999975 0.6875000000000014
vt 0.14339999999999975 0.6875000000000014
vt 0.06250000000000061 0.6566000000000014
vt 0.07670625000000061 0.6287187500000014
vt 0.15760625000000061 0.6875000000000014
vt 0.15760625000000061 0.6875000000000014
vt 0.06250000000000142 0.6875000000000014
vt 0.06739375000000142 0.6566000000000014
vt 0.16250000000000142 0.6875000000000014
vt 0.16250000000000142 0.6875000000000014
vt 0.06739375000000142 0.7499999999999988
vt 0.06250000000000142 0.7190999999999989
vt 0.16250000000000142 0.7190999999999989
vt 0.16250000000000142 0.7190999999999989
vt 0.07670625000000061 0.6874999999999988
vt 0.06250000000000061 0.6596187499999987
vt 0.15760625000000061 0.6287187499999988
vt 0.15760625000000061 0.6287187499999988
vt 0.14711874999999974 0.7500000000000018
vt 0.12499999999999975 0.7278812500000017
vt 0.20589999999999975 0.6691000000000017
vt 0.20589999999999975 0.6691000000000017
vt 0.1528812500000027 0.7500000000000009
vt 0.12500000000000266 0.7357937500000008
vt 0.18378125000000267 0.6548937500000008
vt 0.18378125000000267 0.6548937500000008
vt 0.2184000000000026 0.75
vt 0.18750000000000258 0.74510625
vt 0.2184000000000026 0.65
vt 0.2184000000000026 0.65
vt 0.2184 0.74510625
vt 0.1875 0.75
vt 0.1875 0.65
vt 0.1875 0.65
vt 0.4345798040450382 0.6723010091655105
vt 0.40755859917048237 0.658558154777403
vt 0.46457878809331526 0.5801008666207563
vt 0.46457878809331526 0.5801008666207563
vt 0.40755859917048237 0.658558154777403
vt 0.38609271878199874 0.6371307713136706
vt 0.46457878809331526 0.5801008666207563
vt 0.46457878809331526 0.5801008666207563
vt 0.38609271878199874 0.6371307713136706
vt 0.37228539630748353 0.6101003174036235
vt 0.46457878809331526 0.5801008666207563
vt 0.46457878809331526 0.5801008666207563
vt 0.37228539630748353 0.6101003174036235
vt 0.3674999300474729 0.5801018794576492
vt 0.46457878809331526 0.5801008666207563
vt 0.46457878809331526 0.5801008666207563
vt 0.3674999300474729 0.5801018794576492
vt 0.37221924215535745 0.5500696211589721
vt 0.46457878809331526 0.5801008666207563
vt 0.46457878809331526 0.5801008666207563
vt 0.37221924215535745 0.5500696211589721
vt 0.38599636379743857 0.5229506070377214
vt 0.46457878809331526 0.5801008666207563
vt 0.46457878809331526 0.5801008666207563
vt 0.38599636379743857 0.5229506070377214
vt 0.40748915655405243 0.5014136937253519
vt 0.46457878809331526 0.5801008666207563
vt 0.46457878809331526 0.5801008666207563
vt 0.40748915655405243 0.5014136937253519
vt 0.4345917285480129 0.4875820654386628
vt 0.46457878809331526 0.5801008666207563
vt 0.46457878809331526 0.5801008666207563
vt 0.4345917285480129 0.4875820654386628
vt 0.4646396724222361 0.482821319532896
vt 0.46457878809331526 0.5801008666207563
vt 0.46457878809331526 0.5801008666207563
vt 0.4646396724222361 0.482821319532896
vt 0.49467601534763 0.4875987792639328
vt 0.46457878809331526 0.5801008666207563
vt 0.46457878809331526 0.5801008666207563
vt 0.49467601534763 0.4875987792639328
vt 0.5217465351323578 0.5014405449445436
vt 0.46457878809331526 0.5801008666207563
vt 0.46457878809331526 0.5801008666207563
vt 0.5217465351323578 0.5014405449445436
vt 0.543194187251818 0.5229769876859965
vt 0.46457878809331526 0.5801008666207563
vt 0.46457878809331526 0.5801008666207563
vt 0.543194187251818 0.5229769876859965
vt 0.556922700621995 0.5500849943530002
vt 0.46457878809331526 0.5801008666207563
vt 0.46457878809331526 0.5801008666207563
vt 0.556922700621995 0.5500849943530002
vt 0.561598879476338 0.5800998543969842
vt 0.46457878809331526 0.5801008666207563
vt 0.46457878809331526 0.5801008666207563
vt 0.561598879476338 0.5800998543969842
vt 0.5567815447040596 0.6100811311176224
vt 0.46457878809331526 0.5801008666207563
vt 0.46457878809331526 0.5801008666207563
vt 0.5567815447040596 0.6100811311176224
vt 0.5429551077786543 0.637101233500696
vt 0.46457878809331526 0.5801008666207563
vt 0.46457878809331526 0.5801008666207563
vt 0.5429551077786543 0.637101233500696
vt 0.5214805429773282 0.6585290873657254
vt 0.46457878809331526 0.5801008666207563
vt 0.46457878809331526 0.5801008666207563
vt 0.5214805429773282 0.6585290873657254
vt 0.49445678026695333 0.6722831632362983
vt 0.46457878809331526 0.5801008666207563
vt 0.46457878809331526 0.5801008666207563
vt 0.49445678026695333 0.6722831632362983
vt 0.46451812464868464 0.6770274899909137
vt 0.46457878809331526 0.5801008666207563
vt 0.46457878809331526 0.5801008666207563
vt 0.46451812464868464 0.6770274899909137
vt 0.4345798040450382 0.6723010091655105
vt 0.46457878809331526 0.5801008666207563
vt 0.46457878809331526 0.5801008666207563
vt 0.12499999999999822 0.6249955805826191
vt 0.12499999999999811 0.5937149443498793
vt 0.1650001467282446 0.5937105249324968
vt 0.1650001467282447 0.6250000000000013
vt 0.12499999999999756 0.7099999999999996
vt 0.19099999999999756 0.7099999999999996
vt 0.19099999999999756 0.7499999999999996
vt 0.12499999999999756 0.7499999999999996
vt 0.12500441941738205 0.7724998532717516
vt 0.15628505565012185 0.7724998532717517
vt 0.15628947506750412 0.8124999999999982
vt 0.12499999999999956 0.8124999999999981
vt 0.12499999999999784 0.7099999999999996
vt 0.19099999999999784 0.7099999999999996
vt 0.19099999999999784 0.7499999999999996
vt 0.12499999999999784 0.7499999999999996
vt 0.12500000000000067 0.6250000000000017
vt 0.12500000000000067 0.5937148791106317
vt 0.16499855563488336 0.5937143809205317
vt 0.16499855563488341 0.6249995018099018
vt 0.12499999999999756 0.7099999999999996
vt 0.19099999999999756 0.7099999999999996
vt 0.19099999999999756 0.7499999999999996
vt 0.12499999999999756 0.7499999999999996
vt 0.12500049819010095 0.772501444365119
vt 0.15628561907947103 0.7725014443651189
vt 0.1562851208893712 0.8125000000000017
vt 0.1250000000000011 0.8125000000000017
vt 0.12499999999999784 0.7100062499999996
vt 0.19099999999999784 0.7100062499999996
vt 0.19099999999999784 0.7499999999999996
vt 0.12499999999999784 0.7499999999999996
vt 0.21879187818947476 0.687500000000002
vt 0.18749999999999867 0.687500000000002
vt 0.18750463628690117 0.6474984211982867
vt 0.21878810824158967 0.6475011525380128
vt 0.19099999999999784 0.7500000000000004
vt 0.12499999999999784 0.7500000000000004
vt 0.12499999999999784 0.7100000000000004
vt 0.19099999999999784 0.7100000000000004
vt 0.16500157905404123 0.8437081219297895
vt 0.16499884698038264 0.8749999999999976
vt 0.12499999999999911 0.8749927377786092
vt 0.12499999999999911 0.843709265704685
vt 0.19099999999999756 0.7500000000000004
vt 0.12499999999999756 0.7500000000000004
vt 0.12499999999999756 0.7100000000000004
vt 0.19099999999999756 0.7100000000000004
vt 0.1562918780702115 0.6875000000000019
vt 0.12500000000000333 0.6874972679263434
vt 0.12500726222139175 0.6474984209459598
vt 0.15629073429531604 0.6474984209459598
vt 0.19099999999999784 0.7499999999999976
vt 0.12499999999999784 0.7499999999999976
vt 0.12499999999999784 0.7099999999999976
vt 0.19099999999999784 0.7099999999999976
vt 0.22750157880171318 0.8437081218105219
vt 0.22750157880171307 0.8749999999999979
vt 0.18749999999999767 0.8749953637130954
vt 0.18750273133972384 0.8437118917584068
vt 0.19099999999999756 0.7499999999999976
vt 0.12499999999999756 0.7499999999999976
vt 0.12499999999999756 0.7099999999999976
vt 0.19099999999999756 0.7099999999999976
vt 0.22749855563487964 0.6562148791106306
vt 0.22749855563487964 0.6875000000000007
vt 0.1874999999999969 0.6874995018099009
vt 0.18749999999999678 0.6562143809205309
vt 0.25349999999999784 0.812500000000003
vt 0.18749999999999784 0.812500000000003
vt 0.18749999999999784 0.772500000000003
vt 0.25349999999999784 0.772500000000003
vt 0.21878561907946964 0.8749999999999987
vt 0.1875004981900996 0.8749999999999987
vt 0.1874999999999998 0.8350014443651158
vt 0.21878512088936988 0.8350014443651159
vt 0.19099999999999756 0.812500000000003
vt 0.12499999999999756 0.812500000000003
vt 0.12499999999999756 0.772500000000003
vt 0.19099999999999756 0.772500000000003
vt 0.22750014672824503 0.5937149443498794
vt 0.22750014672824503 0.6249955805826193
vt 0.18749999999999845 0.6250000000000018
vt 0.1874999999999985 0.5937105249324971
vt 0.25349999999999784 0.8125000000000016
vt 0.18749999999999784 0.8125000000000016
vt 0.18749999999999784 0.7725000000000015
vt 0.25349999999999784 0.7725000000000015
vt 0.21878505565012207 0.8749999999999986
vt 0.18750441941738216 0.8749999999999986
vt 0.1874999999999999 0.834999853271752
vt 0.21878947506750457 0.834999853271752
vt 0.25349999999999756 0.8125000000000016
vt 0.18749999999999756 0.8125000000000016
vt 0.18749999999999756 0.7725000000000015
vt 0.25349999999999756 0.7725000000000015
vt 0.22749855563487942 0.5937143809205269
vt 0.22749855563487942 0.6249995018098969
vt 0.18749999999999675 0.6249999999999968
vt 0.18749999999999675 0.5937148791106267
vt 0.25349999999999784 0.8125000000000016
vt 0.18749999999999784 0.8125000000000016
vt 0.18749999999999784 0.7725000000000015
vt 0.25349999999999784 0.7725000000000015
vt 0.21878512088937319 0.8749999999999986
vt 0.187500000000003 0.8749999999999986
vt 0.18750049819010295 0.8350014443651159
vt 0.21878561907947291 0.8350014443651159
vt 0.25349999999999756 0.8125000000000016
vt 0.18749999999999756 0.8125000000000016
vt 0.18749999999999756 0.7725062500000015
vt 0.25349999999999756 0.7725062500000015
vt 0.2499999999999971 0.6474984211982867
vt 0.2812918781894731 0.6474984211982867
vt 0.2812872419025707 0.6875000000000021
vt 0.2500037699478822 0.6874972686602762
vt 0.18749999999999756 0.7724999999999984
vt 0.25349999999999756 0.7724999999999984
vt 0.25349999999999756 0.8124999999999984
vt 0.18749999999999756 0.8124999999999984
vt 0.1874999999999991 0.875000000000001
vt 0.18750273207365753 0.8437081219297928
vt 0.22750157905404111 0.8437153841511813
vt 0.22750157905404111 0.8749988562251055
vt 0.18749999999999784 0.7724999999999984
vt 0.25349999999999784 0.7724999999999984
vt 0.25349999999999784 0.8124999999999984
vt 0.18749999999999784 0.8124999999999984
vt 0.1874999999999999 0.6474984209459598
vt 0.218791878070208 0.6475011530196182
vt 0.21878461584881964 0.6875000000000019
vt 0.18750114377489535 0.687500000000002
vt 0.18749999999999756 0.7100000000000027
vt 0.25349999999999756 0.7100000000000027
vt 0.25349999999999756 0.7500000000000028
vt 0.18749999999999756 0.7500000000000028
vt 0.187500000000001 0.8749999999999973
vt 0.1875000000000011 0.8437081218105213
vt 0.2275015788017164 0.8437127580974237
vt 0.22749884746199045 0.8749962300521122
vt 0.18749999999999784 0.7100000000000027
vt 0.25349999999999784 0.7100000000000027
vt 0.25349999999999784 0.7500000000000028
vt 0.18749999999999784 0.7500000000000028
vt 0.24999999999999944 0.6874995018098984
vt 0.24999999999999944 0.6562143809205283
vt 0.2899985556348821 0.6562148791106281
vt 0.2899985556348823 0.6874999999999982
vt 0.18749999999999756 0.7100000000000011
vt 0.25349999999999756 0.7100000000000011
vt 0.25349999999999756 0.7500000000000011
vt 0.18749999999999756 0.7500000000000011
vt 0.24999999999999706 0.7725014443651185
vt 0.28128512088936714 0.7725014443651185
vt 0.28128561907946703 0.8125000000000013
vt 0.25000049819009695 0.8125000000000011
vt 0.18749999999999784 0.7100000000000011
vt 0.25349999999999784 0.7100000000000011
vt 0.25349999999999784 0.7500000000000011
vt 0.18749999999999784 0.7500000000000011
vn 0 0.8910070536994907 -0.4539894605139564
vn 0 0.7071067811865493 -0.7071067811865457
vn 0 0.45398946051395583 -0.891007053699491
vn 0 0.15645329833071817 -0.9876853575109027
vn 0 -0.1564221185888597 -0.987690296001825
vn 0 -0.45398946051395583 -0.891007053699491
vn 0 -0.7071067811865476 -0.7071067811865476
vn 0 -0.8910070536994906 -0.45398946051395617
vn 0 -0.9876902960018255 -0.15642211858885793
vn 0 -0.987685357510902 0.15645329833072155
vn 0 -0.8910070536994907 0.4539894605139564
vn 0 -0.7071067811865476 0.7071067811865476
vn 0 -0.45398946051395583 0.891007053699491
vn 0 -0.15645329833071817 0.9876853575109027
vn 0 0.1564221185888597 0.987690296001825
vn 0 0.4539894605139572 0.8910070536994902
vn 0 0.7071067811865476 0.7071067811865476
vn 0 0.8910070536994921 0.4539894605139534
vn 0 0.9876902960018255 0.15642211858885793
vn 0 0.987685357510902 -0.15645329833072155
vn 1 0 0
vn 1 0 0
vn 1 0 0
vn 1 0 0
vn 1 0 0
vn 1 0 0
vn 1 0 0
vn 1 0 0
vn 1 0 0
vn 1 0 0
vn 1 0 0
vn 1 0 0
vn 1 0 0
vn 1 0 0
vn 1 0 0
vn 1 0 0
vn 1 0 0
vn 1 0 0
vn 1 0 0
vn 1 0 0
vn -1 0 0
vn -1 0 0
vn -1 0 0
vn -1 0 0
vn -1 0 0
vn -1 0 0
vn -1 0 0
vn -1 0 0
vn -1 0 0
vn -1 0 0
vn -1 0 0
vn -1 0 0
vn -1 0 0
vn -1 0 0
vn -1 0 0
vn -1 0 0
vn -1 0 0
vn -1 0 0
vn -1 0 0
vn -1 0 0
vn 1 0 0
vn 0 -0.7071067811865479 -0.7071067811865472
vn -1 0 0
vn 0 0.7071067811865492 0.7071067811865458
vn 1 0 0
vn 0 -0.9876900882710447 -0.15642343024987057
vn -1 0 0
vn 0 0.987689476547288 0.15642729275207778
vn 1 0 0
vn 0 -0.8910114492922424 0.4539808335493227
vn -1 0 0
vn 0 0.8910114492922424 -0.4539808335493227
vn 1 0 0
vn 0 -0.45398083354932206 0.8910114492922427
vn -1 0 0
vn 0 0.4539808335493222 -0.8910114492922427
vn 1 0 0
vn 0 0.156427292752079 0.9876894765472878
vn -1 0 0
vn 0 -0.15642343024987118 -0.9876900882710445
vn 1 0 0
vn 0 0.7071067811865479 0.7071067811865472
vn -1 0 0
vn 0 -0.7071067811865479 -0.7071067811865472
vn 1 0 0
vn 0 0.9876900882710442 0.15642343024987326
vn -1 0 0
vn 0 -0.9876894765472876 -0.15642729275208048
vn 1 0 0
vn 0 0.8910114492922436 -0.45398083354932056
vn -1 0 0
vn 0 -0.8910114492922424 0.4539808335493227
vn 1 0 0
vn 0 0.45398083354932306 -0.8910114492922422
vn -1 0 0
vn 0 -0.4539808335493222 0.8910114492922427
vn 1 0 0
vn 0 -0.156427292752079 -0.9876894765472878
vn -1 0 0
vn 0 0.15642343024987118 0.9876900882710445
usemtl m_d5e3219d-fd1a-841f-5237-bf7461fd2e19
f 311/1113/279 312/1114/279 313/1115/279 314/1116/279
f 315/1117/280 316/1118/280 317/1119/280 318/1120/280
f 319/1121/281 320/1122/281 321/1123/281 322/1124/281
f 323/1125/282 324/1126/282 325/1127/282 326/1128/282
f 327/1129/283 328/1130/283 329/1131/283 330/1132/283
f 331/1133/284 332/1134/284 333/1135/284 334/1136/284
f 335/1137/285 336/1138/285 337/1139/285 338/1140/285
f 339/1141/286 340/1142/286 341/1143/286 342/1144/286
f 343/1145/287 344/1146/287 345/1147/287 346/1148/287
f 347/1149/288 348/1150/288 349/1151/288 350/1152/288
f 351/1153/289 352/1154/289 353/1155/289 354/1156/289
f 355/1157/290 356/1158/290 357/1159/290 358/1160/290
f 359/1161/291 360/1162/291 361/1163/291 362/1164/291
f 363/1165/292 364/1166/292 365/1167/292 366/1168/292
f 367/1169/293 368/1170/293 369/1171/293 370/1172/293
f 371/1173/294 372/1174/294 373/1175/294 374/1176/294
f 375/1177/295 376/1178/295 377/1179/295 378/1180/295
f 379/1181/296 380/1182/296 381/1183/296 382/1184/296
f 383/1185/297 384/1186/297 385/1187/297 386/1188/297
f 387/1189/298 388/1190/298 389/1191/298 390/1192/298
f 312/1193/299 311/1194/299 391/1195/299 391/1195/299
f 319/1197/300 312/1198/300 391/1199/300 391/1199/300
f 320/1201/301 319/1202/301 391/1203/301 391/1203/301
f 327/1205/302 320/1206/302 391/1207/302 391/1207/302
f 328/1209/303 327/1210/303 391/1211/303 391/1211/303
f 335/1213/304 328/1214/304 391/1215/304 391/1215/304
f 336/1217/305 335/1218/305 391/1219/305 391/1219/305
f 343/1221/306 336/1222/306 391/1223/306 391/1223/306
f 344/1225/307 343/1226/307 391/1227/307 391/1227/307
f 351/1229/308 344/1230/308 391/1231/308 391/1231/308
f 352/1233/309 351/1234/309 391/1235/309 391/1235/309
f 359/1237/310 352/1238/310 391/1239/310 391/1239/310
f 360/1241/311 359/1242/311 391/1243/311 391/1243/311
f 367/1245/312 360/1246/312 391/1247/312 391/1247/312
f 368/1249/313 367/1250/313 391/1251/313 391/1251/313
f 375/1253/314 368/1254/314 391/1255/314 391/1255/314
f 376/1257/315 375/1258/315 391/1259/315 391/1259/315
f 383/1261/316 376/1262/316 391/1263/316 391/1263/316
f 384/1265/317 383/1266/317 391/1267/317 391/1267/317
f 311/1269/318 384/1270/318 391/1271/318 391/1271/318
f 314/1273/319 313/1274/319 392/1275/319 392/1275/319
f 313/1277/320 322/1278/320 392/1279/320 392/1279/320
f 322/1281/321 321/1282/321 392/1283/321 392/1283/321
f 321/1285/322 330/1286/322 392/1287/322 392/1287/322
f 330/1289/323 329/1290/323 392/1291/323 392/1291/323
f 329/1293/324 338/1294/324 392/1295/324 392/1295/324
f 338/1297/325 337/1298/325 392/1299/325 392/1299/325
f 337/1301/326 346/1302/326 392/1303/326 392/1303/326
f 346/1305/327 345/1306/327 392/1307/327 392/1307/327
f 345/1309/328 354/1310/328 392/1311/328 392/1311/328
f 354/1313/329 353/1314/329 392/1315/329 392/1315/329
f 353/1317/330 362/1318/330 392/1319/330 392/1319/330
f 362/1321/331 361/1322/331 392/1323/331 392/1323/331
f 361/1325/332 370/1326/332 392/1327/332 392/1327/332
f 370/1329/333 369/1330/333 392/1331/333 392/1331/333
f 369/1333/334 378/1334/334 392/1335/334 392/1335/334
f 378/1337/335 377/1338/335 392/1339/335 392/1339/335
f 377/1341/336 386/1342/336 392/1343/336 392/1343/336
f 386/1345/337 385/1346/337 392/1347/337 392/1347/337
f 385/1349/338 314/1350/338 392/1351/338 392/1351/338
f 312/1353/339 319/1354/339 316/1355/339 315/1356/339
f 319/1357/340 322/1358/340 317/1359/340 316/1360/340
f 322/1361/341 313/1362/341 318/1363/341 317/1364/341
f 313/1365/342 312/1366/342 315/1367/342 318/1368/342
f 320/1369/343 327/1370/343 324/1371/343 323/1372/343
f 327/1373/344 330/1374/344 325/1375/344 324/1376/344
f 330/1377/345 321/1378/345 326/1379/345 325/1380/345
f 321/1381/346 320/1382/346 323/1383/346 326/1384/346
f 328/1385/347 335/1386/347 332/1387/347 331/1388/347
f 335/1389/348 338/1390/348 333/1391/348 332/1392/348
f 338/1393/349 329/1394/349 334/1395/349 333/1396/349
f 329/1397/350 328/1398/350 331/1399/350 334/1400/350
f 336/1401/351 343/1402/351 340/1403/351 339/1404/351
f 343/1405/352 346/1406/352 341/1407/352 340/1408/352
f 346/1409/353 337/1410/353 342/1411/353 341/1412/353
f 337/1413/354 336/1414/354 339/1415/354 342/1416/354
f 344/1417/355 351/1418/355 348/1419/355 347/1420/355
f 351/1421/356 354/1422/356 349/1423/356 348/1424/356
f 354/1425/357 345/1426/357 350/1427/357 349/1428/357
f 345/1429/358 344/1430/358 347/1431/358 350/1432/358
f 352/1433/359 359/1434/359 356/1435/359 355/1436/359
f 359/1437/360 362/1438/360 357/1439/360 356/1440/360
f 362/1441/361 353/1442/361 358/1443/361 357/1444/361
f 353/1445/362 352/1446/362 355/1447/362 358/1448/362
f 360/1449/363 367/1450/363 364/1451/363 363/1452/363
f 367/1453/364 370/1454/364 365/1455/364 364/1456/364
f 370/1457/365 361/1458/365 366/1459/365 365/1460/365
f 361/1461/366 360/1462/366 363/1463/366 366/1464/366
f 368/1465/367 375/1466/367 372/1467/367 371/1468/367
f 375/1469/368 378/1470/368 373/1471/368 372/1472/368
f 378/1473/369 369/1474/369 374/1475/369 373/1476/369
f 369/1477/370 368/1478/370 371/1479/370 374/1480/370
f 376/1481/371 383/1482/371 380/1483/371 379/1484/371
f 383/1485/372 386/1486/372 381/1487/372 380/1488/372
f 386/1489/373 377/1490/373 382/1491/373 381/1492/373
f 377/1493/374 376/1494/374 379/1495/374 382/1496/374
f 384/1497/375 311/1498/375 388/1499/375 387/1500/375
f 311/1501/376 314/1502/376 389/1503/376 388/1504/376
f 314/1505/377 385/1506/377 390/1507/377 389/1508/377
f 385/1509/378 384/1510/378 387/1511/378 390/1512/378
o default
o pCylinder4
v -0.307 0.995106 -0.030902
v -0.307 0.980902 -0.058779
v -0.373 0.980902 -0.058779
v -0.373 0.995106 -0.030902
v -0.307 1.009186 -0.087063
v -0.307 0.987063 -0.109186
v -0.373 0.987063 -0.109186
v -0.373 1.009186 -0.087063
v -0.307 0.958779 -0.080902
v -0.307 0.930902 -0.095106
v -0.373 0.930902 -0.095106
v -0.373 0.958779 -0.080902
v -0.307 0.937159 -0.134613
v -0.307 0.906257 -0.139508
v -0.373 0.906257 -0.139508
v -0.373 0.937159 -0.134613
v -0.307 0.9 -0.1
v -0.307 0.869098 -0.095106
v -0.373 0.869098 -0.095106
v -0.373 0.9 -0.1
v -0.307 0.850939 -0.130746
v -0.307 0.823062 -0.116542
v -0.373 0.823062 -0.116542
v -0.373 0.850939 -0.130746
v -0.307 0.841221 -0.080902
v -0.307 0.819098 -0.058779
v -0.373 0.819098 -0.058779
v -0.373 0.841221 -0.080902
v -0.307 0.783458 -0.076938
v -0.307 0.769254 -0.049061
v -0.373 0.769254 -0.049061
v -0.373 0.783458 -0.076938
v -0.307 0.804894 -0.030902
v -0.307 0.8 0
v -0.373 0.8 0
v -0.373 0.804894 -0.030902
v -0.307 0.760492 0.006257
v -0.307 0.765387 0.037159
v -0.373 0.765387 0.037159
v -0.373 0.760492 0.006257
v -0.307 0.804894 0.030902
v -0.307 0.819098 0.058779
v -0.373 0.819098 0.058779
v -0.373 0.804894 0.030902
v -0.307 0.790814 0.087063
v -0.307 0.812937 0.109186
v -0.373 0.812937 0.109186
v -0.373 0.790814 0.087063
v -0.307 0.841221 0.080902
v -0.307 0.869098 0.095106
v -0.373 0.869098 0.095106
v -0.373 0.841221 0.080902
v -0.307 0.862841 0.134613
v -0.307 0.893743 0.139508
v -0.373 0.893743 0.139508
v -0.373 0.862841 0.134613
v -0.307 0.9 0.1
v -0.307 0.930902 0.095106
v -0.373 0.930902 0.095106
v -0.373 0.9 0.1
v -0.307 0.949061 0.130746
v -0.307 0.976938 0.116542
v -0.373 0.976938 0.116542
v -0.373 0.949061 0.130746
v -0.307 0.958779 0.080902
v -0.307 0.980902 0.058779
v -0.373 0.980902 0.058779
v -0.373 0.958779 0.080902
v -0.307 1.016542 0.076938
v -0.307 1.030746 0.049061
v -0.373 1.030746 0.049061
v -0.373 1.016542 0.076938
v -0.307 0.995106 0.030902
v -0.307 1 0
v -0.373 1 0
v -0.373 0.995106 0.030902
v -0.307 1.039508 -0.006257
v -0.307 1.034613 -0.037159
v -0.373 1.034613 -0.037159
v -0.373 1.039508 -0.006257
v -0.307 0.9 0
v -0.373 0.9 0
vt 0.12499999999999784 0.7500000000000018
vt 0.12499999999999784 0.7187125000000016
vt 0.19099999999999784 0.7187125000000016
vt 0.19099999999999784 0.7500000000000018
vt 0.12499999999999784 0.7500000000000013
vt 0.12499999999999784 0.7187125000000013
vt 0.19099999999999784 0.7187125000000013
vt 0.19099999999999784 0.7500000000000013
vt 0.12499999999999784 0.7500000000000029
vt 0.12499999999999784 0.7187125000000029
vt 0.19099999999999784 0.7187125000000029
vt 0.19099999999999784 0.7500000000000029
vt 0.12499999999999784 0.7500000000000011
vt 0.12499999999999784 0.7187125000000012
vt 0.19099999999999784 0.7187125000000012
vt 0.19099999999999784 0.7500000000000011
vt 0.12499999999999784 0.7500000000000028
vt 0.12499999999999784 0.7187125000000028
vt 0.19099999999999784 0.7187125000000028
vt 0.19099999999999784 0.7500000000000028
vt 0.12499999999999784 0.7500000000000029
vt 0.12499999999999784 0.7187125000000029
vt 0.19099999999999784 0.7187125000000029
vt 0.19099999999999784 0.7500000000000029
vt 0.12499999999999784 0.7500000000000013
vt 0.12499999999999784 0.7187125000000013
vt 0.19099999999999784 0.7187125000000013
vt 0.19099999999999784 0.7500000000000013
vt 0.12499999999999784 0.7500000000000018
vt 0.12499999999999784 0.7187187500000017
vt 0.19099999999999784 0.7187187500000017
vt 0.19099999999999784 0.7500000000000018
vt 0.12499999999999784 0.8125000000000013
vt 0.12499999999999784 0.7812125000000013
vt 0.19099999999999784 0.7812125000000013
vt 0.19099999999999784 0.8125000000000013
vt 0.19099999999999756 0.7812125000000005
vt 0.19099999999999756 0.8125000000000004
vt 0.12499999999999756 0.8125000000000004
vt 0.12499999999999756 0.7812125000000005
vt 0.19099999999999756 0.7187187500000017
vt 0.19099999999999756 0.7500000000000018
vt 0.12499999999999756 0.7500000000000018
vt 0.12499999999999756 0.7187187500000017
vt 0.25349999999999756 0.7187125000000013
vt 0.25349999999999756 0.7500000000000013
vt 0.18749999999999756 0.7500000000000013
vt 0.18749999999999756 0.7187125000000013
vt 0.25349999999999756 0.7187125000000029
vt 0.25349999999999756 0.7500000000000029
vt 0.18749999999999756 0.7500000000000029
vt 0.18749999999999756 0.7187125000000029
vt 0.25349999999999756 0.7187125000000028
vt 0.25349999999999756 0.7500000000000028
vt 0.18749999999999756 0.7500000000000028
vt 0.18749999999999756 0.7187125000000028
vt 0.25349999999999756 0.7187124999999972
vt 0.25349999999999756 0.7499999999999972
vt 0.18749999999999756 0.7499999999999972
vt 0.18749999999999756 0.7187124999999972
vt 0.25349999999999756 0.7187125000000029
vt 0.25349999999999756 0.7500000000000029
vt 0.18749999999999756 0.7500000000000029
vt 0.18749999999999756 0.7187125000000029
vt 0.25349999999999756 0.7187125000000013
vt 0.25349999999999756 0.7500000000000013
vt 0.18749999999999756 0.7500000000000013
vt 0.18749999999999756 0.7187125000000013
vt 0.25349999999999756 0.7187187500000017
vt 0.25349999999999756 0.7500000000000018
vt 0.18749999999999756 0.7500000000000018
vt 0.18749999999999756 0.7187187500000017
vt 0.25349999999999756 0.7812125000000013
vt 0.25349999999999756 0.8125000000000013
vt 0.18749999999999756 0.8125000000000013
vt 0.18749999999999756 0.7812125000000013
vt 0.24999999999999784 0.812500000000002
vt 0.24999999999999784 0.7812125000000021
vt 0.31599999999999784 0.7812125000000021
vt 0.31599999999999784 0.812500000000002
vt 0.42843925188996224 0.6439054613849364
vt 0.4014965829685355 0.6576888200578672
vt 0.371442900194791 0.565465571999356
vt 0.371442900194791 0.565465571999356
vt 0.4498307056233982 0.6224829860871637
vt 0.42843925188996224 0.6439054613849364
vt 0.371442900194791 0.565465571999356
vt 0.371442900194791 0.565465571999356
vt 0.4636041308869263 0.595481199931359
vt 0.4498307056233982 0.6224829860871637
vt 0.371442900194791 0.565465571999356
vt 0.371442900194791 0.565465571999356
vt 0.4684108211176816 0.5654980346367036
vt 0.4636041308869263 0.595481199931359
vt 0.371442900194791 0.565465571999356
vt 0.371442900194791 0.565465571999356
vt 0.4637548030584768 0.535431563836346
vt 0.4684108211176816 0.5654980346367036
vt 0.371442900194791 0.565465571999356
vt 0.371442900194791 0.565465571999356
vt 0.45004764037956413 0.5082105159304668
vt 0.4637548030584768 0.535431563836346
vt 0.371442900194791 0.565465571999356
vt 0.371442900194791 0.565465571999356
vt 0.4285881596208647 0.48651337038875186
vt 0.45004764037956413 0.5082105159304668
vt 0.371442900194791 0.565465571999356
vt 0.371442900194791 0.565465571999356
vt 0.4014492151029351 0.47250028775220776
vt 0.4285881596208647 0.48651337038875186
vt 0.371442900194791 0.565465571999356
vt 0.371442900194791 0.565465571999356
vt 0.3712872246450787 0.4675895731861037
vt 0.4014492151029351 0.47250028775220776
vt 0.371442900194791 0.565465571999356
vt 0.371442900194791 0.565465571999356
vt 0.3410816094337735 0.47229839277844365
vt 0.3712872246450787 0.4675895731861037
vt 0.371442900194791 0.565465571999356
vt 0.371442900194791 0.565465571999356
vt 0.3138330303396504 0.48618134266616964
vt 0.3410816094337735 0.47229839277844365
vt 0.371442900194791 0.565465571999356
vt 0.371442900194791 0.565465571999356
vt 0.29225287506708886 0.5078646424970961
vt 0.3138330303396504 0.48618134266616964
vt 0.371442900194791 0.565465571999356
vt 0.371442900194791 0.565465571999356
vt 0.27848003175831637 0.5351888618303904
vt 0.29225287506708886 0.5078646424970961
vt 0.371442900194791 0.565465571999356
vt 0.371442900194791 0.565465571999356
vt 0.27386298840612955 0.5654329044814941
vt 0.27848003175831637 0.5351888618303904
vt 0.371442900194791 0.565465571999356
vt 0.371442900194791 0.565465571999356
vt 0.2788252637250811 0.5955990516859095
vt 0.27386298840612955 0.5654329044814941
vt 0.371442900194791 0.565465571999356
vt 0.371442900194791 0.565465571999356
vt 0.29283832660249753 0.6227205067236325
vt 0.2788252637250811 0.5955990516859095
vt 0.371442900194791 0.565465571999356
vt 0.371442900194791 0.565465571999356
vt 0.31448650620799434 0.644156836090578
vt 0.29283832660249753 0.6227205067236325
vt 0.371442900194791 0.565465571999356
vt 0.371442900194791 0.565465571999356
vt 0.34162487708136813 0.6578474923688922
vt 0.31448650620799434 0.644156836090578
vt 0.371442900194791 0.565465571999356
vt 0.371442900194791 0.565465571999356
vt 0.3715972329494476 0.6624973315758023
vt 0.34162487708136813 0.6578474923688922
vt 0.371442900194791 0.565465571999356
vt 0.371442900194791 0.565465571999356
vt 0.4014965829685355 0.6576888200578672
vt 0.3715972329494476 0.6624973315758023
vt 0.371442900194791 0.565465571999356
vt 0.371442900194791 0.565465571999356
vt 0.1528812500000027 1
vt 0.12500000000000266 0.9857937499999999
vt 0.18378125000000267 0.9048937499999999
vt 0.18378125000000267 0.9048937499999999
vt 0.14711874999999974 1
vt 0.12499999999999975 0.9778812499999999
vt 0.20589999999999975 0.9190999999999999
vt 0.20589999999999975 0.9190999999999999
vt 0.07670625000000061 0.9999999999999988
vt 0.06250000000000061 0.9721187499999987
vt 0.15760625000000061 0.9412187499999988
vt 0.15760625000000061 0.9412187499999988
vt 0.06739375000000142 0.9999999999999988
vt 0.06250000000000142 0.9690999999999989
vt 0.16250000000000142 0.9690999999999989
vt 0.16250000000000142 0.9690999999999989
vt 0.06250000000000142 0.9375000000000014
vt 0.06739375000000142 0.9066000000000014
vt 0.16250000000000142 0.9375000000000014
vt 0.16250000000000142 0.9375000000000014
vt 0.06250000000000061 0.9691
vt 0.07670625000000061 0.94121875
vt 0.15760625000000061 1
vt 0.15760625000000061 1
vt 0.06249999999999975 0.94121875
vt 0.08461874999999974 0.9191
vt 0.14339999999999975 1
vt 0.14339999999999975 1
vt 0.06250000000000266 0.9191
vt 0.09038125000000267 0.9048937499999999
vt 0.12128125000000267 1
vt 0.12128125000000267 1
vt 0.12500000000000258 0.9048937499999999
vt 0.1559000000000026 0.9
vt 0.1559000000000026 1
vt 0.1559000000000026 1
vt 0.125 0.9
vt 0.1559 0.9048937499999999
vt 0.125 1
vt 0.125 1
vt 0.0934 0.8423937500000014
vt 0.12128125000000001 0.8566000000000015
vt 0.0625 0.9375000000000014
vt 0.0625 0.9375000000000014
vt 0.12128125000000001 0.8566000000000015
vt 0.1434 0.8787187500000014
vt 0.0625 0.9375000000000014
vt 0.0625 0.9375000000000014
vt 0.1434 0.8787187500000014
vt 0.15760625 0.9066000000000014
vt 0.0625 0.9375000000000014
vt 0.0625 0.9375000000000014
vt 0.15760625 0.8441000000000014
vt 0.1625 0.8750000000000014
vt 0.0625 0.8750000000000014
vt 0.0625 0.8750000000000014
vt 0.225 0.9065999999999989
vt 0.22010625 0.9374999999999988
vt 0.125 0.9065999999999989
vt 0.125 0.9065999999999989
vt 0.22010625 0.9096187499999987
vt 0.2059 0.9374999999999988
vt 0.125 0.8787187499999988
vt 0.125 0.8787187499999988
vt 0.2059 0.9778812499999999
vt 0.18378125 1
vt 0.125 0.9190999999999999
vt 0.125 0.9190999999999999
vt 0.18378125 0.9857937499999999
vt 0.1559 1
vt 0.125 0.9048937499999999
vt 0.125 0.9048937499999999
vt 0.2184 0.99510625
vt 0.1875 1
vt 0.1875 0.9
vt 0.1875 0.9
vt 0.2184000000000026 1
vt 0.18750000000000258 0.99510625
vt 0.2184000000000026 0.9
vt 0.2184000000000026 0.9
vt 0.12499999999999822 0.6249955805826191
vt 0.12499999999999811 0.5937149443498793
vt 0.1650001467282446 0.5937105249324968
vt 0.1650001467282447 0.6250000000000013
vt 0.12499999999999784 0.7099999999999996
vt 0.19099999999999784 0.7099999999999996
vt 0.19099999999999784 0.7499999999999996
vt 0.12499999999999784 0.7499999999999996
vt 0.12500441941738205 0.7724998532717516
vt 0.15628505565012185 0.7724998532717517
vt 0.15628947506750412 0.8124999999999982
vt 0.12499999999999956 0.8124999999999981
vt 0.12499999999999756 0.7099999999999996
vt 0.19099999999999756 0.7099999999999996
vt 0.19099999999999756 0.7499999999999996
vt 0.12499999999999756 0.7499999999999996
vt 0.12500000000000067 0.6250000000000017
vt 0.12500000000000067 0.5937148791106317
vt 0.16499855563488336 0.5937143809205317
vt 0.16499855563488341 0.6249995018099018
vt 0.12499999999999784 0.7099999999999996
vt 0.19099999999999784 0.7099999999999996
vt 0.19099999999999784 0.7499999999999996
vt 0.12499999999999784 0.7499999999999996
vt 0.12500049819010095 0.772501444365119
vt 0.15628561907947103 0.7725014443651189
vt 0.1562851208893712 0.8125000000000017
vt 0.1250000000000011 0.8125000000000017
vt 0.12499999999999756 0.7100062499999996
vt 0.19099999999999756 0.7100062499999996
vt 0.19099999999999756 0.7499999999999996
vt 0.12499999999999756 0.7499999999999996
vt 0.21879187818947476 0.687500000000002
vt 0.18749999999999867 0.687500000000002
vt 0.18750463628690117 0.6474984211982867
vt 0.21878810824158967 0.6475011525380128
vt 0.19099999999999756 0.7500000000000004
vt 0.12499999999999756 0.7500000000000004
vt 0.12499999999999756 0.7100000000000004
vt 0.19099999999999756 0.7100000000000004
vt 0.16500157905404123 0.8437081219297895
vt 0.16499884698038264 0.8749999999999976
vt 0.12499999999999911 0.8749927377786092
vt 0.12499999999999911 0.843709265704685
vt 0.19099999999999784 0.7500000000000004
vt 0.12499999999999784 0.7500000000000004
vt 0.12499999999999784 0.7100000000000004
vt 0.19099999999999784 0.7100000000000004
vt 0.1562918780702115 0.6875000000000019
vt 0.12500000000000333 0.6874972679263434
vt 0.12500726222139175 0.6474984209459598
vt 0.15629073429531604 0.6474984209459598
vt 0.19099999999999756 0.7499999999999976
vt 0.12499999999999756 0.7499999999999976
vt 0.12499999999999756 0.7099999999999976
vt 0.19099999999999756 0.7099999999999976
vt 0.22750157880171318 0.8437081218105219
vt 0.22750157880171307 0.8749999999999979
vt 0.18749999999999767 0.8749953637130954
vt 0.18750273133972384 0.8437118917584068
vt 0.19099999999999784 0.7499999999999976
vt 0.12499999999999784 0.7499999999999976
vt 0.12499999999999784 0.7099999999999976
vt 0.19099999999999784 0.7099999999999976
vt 0.22749855563487964 0.6562148791106306
vt 0.22749855563487964 0.6875000000000007
vt 0.1874999999999969 0.6874995018099009
vt 0.18749999999999678 0.6562143809205309
vt 0.19099999999999756 0.812500000000003
vt 0.12499999999999756 0.812500000000003
vt 0.12499999999999756 0.772500000000003
vt 0.19099999999999756 0.772500000000003
vt 0.21878561907946964 0.8749999999999987
vt 0.1875004981900996 0.8749999999999987
vt 0.1874999999999998 0.8350014443651158
vt 0.21878512088936988 0.8350014443651159
vt 0.19099999999999784 0.812500000000003
vt 0.12499999999999784 0.812500000000003
vt 0.12499999999999784 0.772500000000003
vt 0.19099999999999784 0.772500000000003
vt 0.22750014672824503 0.5937149443498794
vt 0.22750014672824503 0.6249955805826193
vt 0.18749999999999845 0.6250000000000018
vt 0.1874999999999985 0.5937105249324971
vt 0.25349999999999756 0.8125000000000016
vt 0.18749999999999756 0.8125000000000016
vt 0.18749999999999756 0.7725000000000015
vt 0.25349999999999756 0.7725000000000015
vt 0.21878505565012207 0.8749999999999986
vt 0.18750441941738216 0.8749999999999986
vt 0.1874999999999999 0.834999853271752
vt 0.21878947506750457 0.834999853271752
vt 0.25349999999999784 0.8125000000000016
vt 0.18749999999999784 0.8125000000000016
vt 0.18749999999999784 0.7725000000000015
vt 0.25349999999999784 0.7725000000000015
vt 0.22749855563487942 0.5937143809205269
vt 0.22749855563487942 0.6249995018098969
vt 0.18749999999999675 0.6249999999999968
vt 0.18749999999999675 0.5937148791106267
vt 0.25349999999999756 0.8125000000000016
vt 0.18749999999999756 0.8125000000000016
vt 0.18749999999999756 0.7725000000000015
vt 0.25349999999999756 0.7725000000000015
vt 0.21878512088937319 0.8749999999999986
vt 0.187500000000003 0.8749999999999986
vt 0.18750049819010295 0.8350014443651159
vt 0.21878561907947291 0.8350014443651159
vt 0.25349999999999784 0.8125000000000016
vt 0.18749999999999784 0.8125000000000016
vt 0.18749999999999784 0.7725062500000015
vt 0.25349999999999784 0.7725062500000015
vt 0.2499999999999971 0.6474984211982867
vt 0.2812918781894731 0.6474984211982867
vt 0.2812872419025707 0.6875000000000021
vt 0.2500037699478822 0.6874972686602762
vt 0.18749999999999784 0.7724999999999984
vt 0.25349999999999784 0.7724999999999984
vt 0.25349999999999784 0.8124999999999984
vt 0.18749999999999784 0.8124999999999984
vt 0.1874999999999991 0.875000000000001
vt 0.18750273207365753 0.8437081219297928
vt 0.22750157905404111 0.8437153841511813
vt 0.22750157905404111 0.8749988562251055
vt 0.18749999999999756 0.7724999999999984
vt 0.25349999999999756 0.7724999999999984
vt 0.25349999999999756 0.8124999999999984
vt 0.18749999999999756 0.8124999999999984
vt 0.1874999999999999 0.6474984209459598
vt 0.218791878070208 0.6475011530196182
vt 0.21878461584881964 0.6875000000000019
vt 0.18750114377489535 0.687500000000002
vt 0.18749999999999784 0.7100000000000027
vt 0.25349999999999784 0.7100000000000027
vt 0.25349999999999784 0.7500000000000028
vt 0.18749999999999784 0.7500000000000028
vt 0.187500000000001 0.8749999999999973
vt 0.1875000000000011 0.8437081218105213
vt 0.2275015788017164 0.8437127580974237
vt 0.22749884746199045 0.8749962300521122
vt 0.18749999999999756 0.7100000000000027
vt 0.25349999999999756 0.7100000000000027
vt 0.25349999999999756 0.7500000000000028
vt 0.18749999999999756 0.7500000000000028
vt 0.24999999999999944 0.6874995018098984
vt 0.24999999999999944 0.6562143809205283
vt 0.2899985556348821 0.6562148791106281
vt 0.2899985556348823 0.6874999999999982
vt 0.24999999999999784 0.7100000000000011
vt 0.31599999999999784 0.7100000000000011
vt 0.31599999999999784 0.7500000000000011
vt 0.24999999999999784 0.7500000000000011
vt 0.24999999999999706 0.7725014443651185
vt 0.28128512088936714 0.7725014443651185
vt 0.28128561907946703 0.8125000000000013
vt 0.25000049819009695 0.8125000000000011
vt 0.18749999999999756 0.7100000000000011
vt 0.25349999999999756 0.7100000000000011
vt 0.25349999999999756 0.7500000000000011
vt 0.18749999999999756 0.7500000000000011
vn 0 0.8910070536994907 -0.4539894605139564
vn 0 0.7071067811865493 -0.7071067811865457
vn 0 0.45398946051395583 -0.891007053699491
vn 0 0.15645329833071817 -0.9876853575109027
vn 0 -0.1564221185888597 -0.987690296001825
vn 0 -0.45398946051395583 -0.891007053699491
vn 0 -0.7071067811865476 -0.7071067811865476
vn 0 -0.8910070536994906 -0.45398946051395617
vn 0 -0.9876902960018255 -0.15642211858885793
vn 0 -0.987685357510902 0.15645329833072155
vn 0 -0.8910070536994907 0.4539894605139564
vn 0 -0.7071067811865476 0.7071067811865476
vn 0 -0.45398946051395583 0.891007053699491
vn 0 -0.15645329833071817 0.9876853575109027
vn 0 0.1564221185888597 0.987690296001825
vn 0 0.4539894605139572 0.8910070536994902
vn 0 0.7071067811865476 0.7071067811865476
vn 0 0.8910070536994921 0.4539894605139534
vn 0 0.9876902960018255 0.15642211858885793
vn 0 0.987685357510902 -0.15645329833072155
vn 1 0 0
vn 1 0 0
vn 1 0 0
vn 1 0 0
vn 1 0 0
vn 1 0 0
vn 1 0 0
vn 1 0 0
vn 1 0 0
vn 1 0 0
vn 1 0 0
vn 1 0 0
vn 1 0 0
vn 1 0 0
vn 1 0 0
vn 1 0 0
vn 1 0 0
vn 1 0 0
vn 1 0 0
vn 1 0 0
vn -1 0 0
vn -1 0 0
vn -1 0 0
vn -1 0 0
vn -1 0 0
vn -1 0 0
vn -1 0 0
vn -1 0 0
vn -1 0 0
vn -1 0 0
vn -1 0 0
vn -1 0 0
vn -1 0 0
vn -1 0 0
vn -1 0 0
vn -1 0 0
vn -1 0 0
vn -1 0 0
vn -1 0 0
vn -1 0 0
vn 1 0 0
vn 0 -0.7071067811865479 -0.7071067811865472
vn -1 0 0
vn 0 0.7071067811865492 0.7071067811865458
vn 1 0 0
vn 0 -0.9876900882710447 -0.15642343024987057
vn -1 0 0
vn 0 0.987689476547288 0.15642729275207778
vn 1 0 0
vn 0 -0.8910114492922424 0.4539808335493227
vn -1 0 0
vn 0 0.8910114492922424 -0.4539808335493227
vn 1 0 0
vn 0 -0.45398083354932206 0.8910114492922427
vn -1 0 0
vn 0 0.4539808335493222 -0.8910114492922427
vn 1 0 0
vn 0 0.156427292752079 0.9876894765472878
vn -1 0 0
vn 0 -0.15642343024987118 -0.9876900882710445
vn 1 0 0
vn 0 0.7071067811865479 0.7071067811865472
vn -1 0 0
vn 0 -0.7071067811865479 -0.7071067811865472
vn 1 0 0
vn 0 0.9876900882710442 0.15642343024987326
vn -1 0 0
vn 0 -0.9876894765472876 -0.15642729275208048
vn 1 0 0
vn 0 0.8910114492922436 -0.45398083354932056
vn -1 0 0
vn 0 -0.8910114492922424 0.4539808335493227
vn 1 0 0
vn 0 0.45398083354932306 -0.8910114492922422
vn -1 0 0
vn 0 -0.4539808335493222 0.8910114492922427
vn 1 0 0
vn 0 -0.156427292752079 -0.9876894765472878
vn -1 0 0
vn 0 0.15642343024987118 0.9876900882710445
usemtl m_d5e3219d-fd1a-841f-5237-bf7461fd2e19
f 393/1513/379 394/1514/379 395/1515/379 396/1516/379
f 397/1517/380 398/1518/380 399/1519/380 400/1520/380
f 401/1521/381 402/1522/381 403/1523/381 404/1524/381
f 405/1525/382 406/1526/382 407/1527/382 408/1528/382
f 409/1529/383 410/1530/383 411/1531/383 412/1532/383
f 413/1533/384 414/1534/384 415/1535/384 416/1536/384
f 417/1537/385 418/1538/385 419/1539/385 420/1540/385
f 421/1541/386 422/1542/386 423/1543/386 424/1544/386
f 425/1545/387 426/1546/387 427/1547/387 428/1548/387
f 429/1549/388 430/1550/388 431/1551/388 432/1552/388
f 433/1553/389 434/1554/389 435/1555/389 436/1556/389
f 437/1557/390 438/1558/390 439/1559/390 440/1560/390
f 441/1561/391 442/1562/391 443/1563/391 444/1564/391
f 445/1565/392 446/1566/392 447/1567/392 448/1568/392
f 449/1569/393 450/1570/393 451/1571/393 452/1572/393
f 453/1573/394 454/1574/394 455/1575/394 456/1576/394
f 457/1577/395 458/1578/395 459/1579/395 460/1580/395
f 461/1581/396 462/1582/396 463/1583/396 464/1584/396
f 465/1585/397 466/1586/397 467/1587/397 468/1588/397
f 469/1589/398 470/1590/398 471/1591/398 472/1592/398
f 394/1593/399 393/1594/399 473/1595/399 473/1595/399
f 401/1597/400 394/1598/400 473/1599/400 473/1599/400
f 402/1601/401 401/1602/401 473/1603/401 473/1603/401
f 409/1605/402 402/1606/402 473/1607/402 473/1607/402
f 410/1609/403 409/1610/403 473/1611/403 473/1611/403
f 417/1613/404 410/1614/404 473/1615/404 473/1615/404
f 418/1617/405 417/1618/405 473/1619/405 473/1619/405
f 425/1621/406 418/1622/406 473/1623/406 473/1623/406
f 426/1625/407 425/1626/407 473/1627/407 473/1627/407
f 433/1629/408 426/1630/408 473/1631/408 473/1631/408
f 434/1633/409 433/1634/409 473/1635/409 473/1635/409
f 441/1637/410 434/1638/410 473/1639/410 473/1639/410
f 442/1641/411 441/1642/411 473/1643/411 473/1643/411
f 449/1645/412 442/1646/412 473/1647/412 473/1647/412
f 450/1649/413 449/1650/413 473/1651/413 473/1651/413
f 457/1653/414 450/1654/414 473/1655/414 473/1655/414
f 458/1657/415 457/1658/415 473/1659/415 473/1659/415
f 465/1661/416 458/1662/416 473/1663/416 473/1663/416
f 466/1665/417 465/1666/417 473/1667/417 473/1667/417
f 393/1669/418 466/1670/418 473/1671/418 473/1671/418
f 396/1673/419 395/1674/419 474/1675/419 474/1675/419
f 395/1677/420 404/1678/420 474/1679/420 474/1679/420
f 404/1681/421 403/1682/421 474/1683/421 474/1683/421
f 403/1685/422 412/1686/422 474/1687/422 474/1687/422
f 412/1689/423 411/1690/423 474/1691/423 474/1691/423
f 411/1693/424 420/1694/424 474/1695/424 474/1695/424
f 420/1697/425 419/1698/425 474/1699/425 474/1699/425
f 419/1701/426 428/1702/426 474/1703/426 474/1703/426
f 428/1705/427 427/1706/427 474/1707/427 474/1707/427
f 427/1709/428 436/1710/428 474/1711/428 474/1711/428
f 436/1713/429 435/1714/429 474/1715/429 474/1715/429
f 435/1717/430 444/1718/430 474/1719/430 474/1719/430
f 444/1721/431 443/1722/431 474/1723/431 474/1723/431
f 443/1725/432 452/1726/432 474/1727/432 474/1727/432
f 452/1729/433 451/1730/433 474/1731/433 474/1731/433
f 451/1733/434 460/1734/434 474/1735/434 474/1735/434
f 460/1737/435 459/1738/435 474/1739/435 474/1739/435
f 459/1741/436 468/1742/436 474/1743/436 474/1743/436
f 468/1745/437 467/1746/437 474/1747/437 474/1747/437
f 467/1749/438 396/1750/438 474/1751/438 474/1751/438
f 394/1753/439 401/1754/439 398/1755/439 397/1756/439
f 401/1757/440 404/1758/440 399/1759/440 398/1760/440
f 404/1761/441 395/1762/441 400/1763/441 399/1764/441
f 395/1765/442 394/1766/442 397/1767/442 400/1768/442
f 402/1769/443 409/1770/443 406/1771/443 405/1772/443
f 409/1773/444 412/1774/444 407/1775/444 406/1776/444
f 412/1777/445 403/1778/445 408/1779/445 407/1780/445
f 403/1781/446 402/1782/446 405/1783/446 408/1784/446
f 410/1785/447 417/1786/447 414/1787/447 413/1788/447
f 417/1789/448 420/1790/448 415/1791/448 414/1792/448
f 420/1793/449 411/1794/449 416/1795/449 415/1796/449
f 411/1797/450 410/1798/450 413/1799/450 416/1800/450
f 418/1801/451 425/1802/451 422/1803/451 421/1804/451
f 425/1805/452 428/1806/452 423/1807/452 422/1808/452
f 428/1809/453 419/1810/453 424/1811/453 423/1812/453
f 419/1813/454 418/1814/454 421/1815/454 424/1816/454
f 426/1817/455 433/1818/455 430/1819/455 429/1820/455
f 433/1821/456 436/1822/456 431/1823/456 430/1824/456
f 436/1825/457 427/1826/457 432/1827/457 431/1828/457
f 427/1829/458 426/1830/458 429/1831/458 432/1832/458
f 434/1833/459 441/1834/459 438/1835/459 437/1836/459
f 441/1837/460 444/1838/460 439/1839/460 438/1840/460
f 444/1841/461 435/1842/461 440/1843/461 439/1844/461
f 435/1845/462 434/1846/462 437/1847/462 440/1848/462
f 442/1849/463 449/1850/463 446/1851/463 445/1852/463
f 449/1853/464 452/1854/464 447/1855/464 446/1856/464
f 452/1857/465 443/1858/465 448/1859/465 447/1860/465
f 443/1861/466 442/1862/466 445/1863/466 448/1864/466
f 450/1865/467 457/1866/467 454/1867/467 453/1868/467
f 457/1869/468 460/1870/468 455/1871/468 454/1872/468
f 460/1873/469 451/1874/469 456/1875/469 455/1876/469
f 451/1877/470 450/1878/470 453/1879/470 456/1880/470
f 458/1881/471 465/1882/471 462/1883/471 461/1884/471
f 465/1885/472 468/1886/472 463/1887/472 462/1888/472
f 468/1889/473 459/1890/473 464/1891/473 463/1892/473
f 459/1893/474 458/1894/474 461/1895/474 464/1896/474
f 466/1897/475 393/1898/475 470/1899/475 469/1900/475
f 393/1901/476 396/1902/476 471/1903/476 470/1904/476
f 396/1905/477 467/1906/477 472/1907/477 471/1908/477
f 467/1909/478 466/1910/478 469/1911/478 472/1912/478
o default
o pCylinder5
v 0.00809 0.905878 -0.4
v 0.00309 0.909511 -0.4
v 0.00309 0.909511 0.4
v 0.00809 0.905878 0.4
v -0.00309 0.909511 -0.4
v -0.00309 0.909511 0.4
v -0.00809 0.905878 -0.4
v -0.00809 0.905878 0.4
v -0.01 0.9 -0.4
v -0.01 0.9 0.4
v -0.00809 0.894122 -0.4
v -0.00809 0.894122 0.4
v -0.00309 0.890489 -0.4
v -0.00309 0.890489 0.4
v 0.00309 0.890489 -0.4
v 0.00309 0.890489 0.4
v 0.00809 0.894122 -0.4
v 0.00809 0.894122 0.4
v 0.01 0.9 -0.4
v 0.01 0.9 0.4
v 0 0.9 -0.4
v 0 0.9 0.4
vt 0.8 0.8063187499999994
vt 0.8 0.8124999999999993
vt 0 0.8124999999999993
vt 0 0.8063187499999994
vt 0.13117499999999946 1
vt 0.12499999999999947 1
vt 0.12499999999999947 0.19999999999999996
vt 0.13117499999999946 0.19999999999999996
vt 0 0.8124999999999993
vt 0 0.8063187499999994
vt 0.8 0.8063187499999994
vt 0.8 0.8124999999999993
vt 0 0.7500000000000006
vt 0 0.7438187500000005
vt 0.8 0.7438187500000005
vt 0.8 0.7500000000000006
vt 0 0.7500000000000006
vt 0 0.7438187500000005
vt 0.8 0.7438187500000005
vt 0.8 0.7500000000000006
vt 0 0.8124999999999993
vt 0 0.8063187499999994
vt 0.8 0.8063187499999994
vt 0.8 0.8124999999999993
vt 0.18749999999999947 0.19999999999999996
vt 0.19367499999999946 0.19999999999999996
vt 0.19367499999999946 1
vt 0.18749999999999947 1
vt 0.8 0.8063187499999994
vt 0.8 0.8124999999999993
vt 0 0.8124999999999993
vt 0 0.8063187499999994
vt 0.8 0.7438187500000005
vt 0.8 0.7500000000000006
vt 0 0.7500000000000006
vt 0 0.7438187500000005
vt 0.8 0.7438187500000005
vt 0.8 0.7500000000000006
vt 0 0.7500000000000006
vt 0 0.7438187500000005
vt 0.19250000000000203 0.6875000000000018
vt 0.18750000000000203 0.6838625000000018
vt 0.19558750000000202 0.6779875000000019
vt 0.19558750000000202 0.6779875000000019
vt 0.13117499999999946 0.6875000000000018
vt 0.12499999999999947 0.6875000000000018
vt 0.12808749999999947 0.6779875000000019
vt 0.12808749999999947 0.6779875000000019
vt 0.1330875 0.6838625000000018
vt 0.1280875 0.6875000000000018
vt 0.125 0.6779875000000019
vt 0.125 0.6779875000000019
vt 0.135 0.6191249999999983
vt 0.1330875 0.6249999999999982
vt 0.125 0.6191249999999983
vt 0.125 0.6191249999999983
vt 0.1330875 0.6816250000000014
vt 0.135 0.6875000000000014
vt 0.125 0.6875000000000014
vt 0.125 0.6875000000000014
vt 0.1280875 0.6779875000000014
vt 0.1330875 0.6816250000000014
vt 0.125 0.6875000000000014
vt 0.125 0.6875000000000014
vt 0.12499999999999947 0.6779875000000014
vt 0.13117499999999946 0.6779875000000014
vt 0.12808749999999947 0.6875000000000014
vt 0.12808749999999947 0.6875000000000014
vt 0.18750000000000203 0.6816250000000014
vt 0.19250000000000203 0.6779875000000014
vt 0.19558750000000202 0.6875000000000014
vt 0.19558750000000202 0.6875000000000014
vt 0.187499999999998 0.6875000000000014
vt 0.189412499999998 0.6816250000000014
vt 0.197499999999998 0.6875000000000014
vt 0.197499999999998 0.6875000000000014
vt 0.189412499999998 0.6249999999999982
vt 0.187499999999998 0.6191249999999983
vt 0.197499999999998 0.6191249999999983
vt 0.197499999999998 0.6191249999999983
vt 0.1955875 0.9963625
vt 0.1905875 1
vt 0.1875 0.9904875000000001
vt 0.1875 0.9904875000000001
vt 0.13117499999999946 1
vt 0.12499999999999947 1
vt 0.12808749999999947 0.9904875000000001
vt 0.12808749999999947 0.9904875000000001
vt 0.13000000000000203 1
vt 0.12500000000000203 0.9963625
vt 0.13308750000000202 0.9904875000000001
vt 0.13308750000000202 0.9904875000000001
vt 0.126912499999998 0.9374999999999982
vt 0.12499999999999802 0.9316249999999983
vt 0.134999999999998 0.9316249999999983
vt 0.134999999999998 0.9316249999999983
vt 0.12499999999999802 0.8750000000000014
vt 0.126912499999998 0.8691250000000014
vt 0.134999999999998 0.8750000000000014
vt 0.134999999999998 0.8750000000000014
vt 0.12500000000000203 0.8691250000000014
vt 0.13000000000000203 0.8654875000000014
vt 0.13308750000000202 0.8750000000000014
vt 0.13308750000000202 0.8750000000000014
vt 0.12499999999999947 0.8654875000000014
vt 0.13117499999999946 0.8654875000000014
vt 0.12808749999999947 0.8750000000000014
vt 0.12808749999999947 0.8750000000000014
vt 0.1905875 0.8654875000000014
vt 0.1955875 0.8691250000000014
vt 0.1875 0.8750000000000014
vt 0.1875 0.8750000000000014
vt 0.1955875 0.8691250000000014
vt 0.1975 0.8750000000000014
vt 0.1875 0.8750000000000014
vt 0.1875 0.8750000000000014
vt 0.1975 0.9316249999999983
vt 0.1955875 0.9374999999999982
vt 0.1875 0.9316249999999983
vt 0.1875 0.9316249999999983
vn 0.5878156829544726 0.808994884330406 0
vn 0 1 0
vn -0.5878156829544726 0.808994884330406 0
vn -0.9510507136490884 0.30903485251272167 0
vn -0.9510507136490902 -0.3090348525127164 0
vn -0.5878156829544726 -0.808994884330406 0
vn 0 -1 0
vn 0.5878156829544726 -0.808994884330406 0
vn 0.9510507136490902 -0.3090348525127164 0
vn 0.9510507136490884 0.30903485251272167 0
vn 0 0 -1
vn 0 0 -1
vn 0 0 -1
vn 0 0 -1
vn 0 0 -1
vn 0 0 -1
vn 0 0 -1
vn 0 0 -1
vn 0 0 -1
vn 0 0 -1
vn 0 0 1
vn 0 0 1
vn 0 0 1
vn 0 0 1
vn 0 0 1
vn 0 0 1
vn 0 0 1
vn 0 0 1
vn 0 0 1
vn 0 0 1
usemtl m_d5e3219d-fd1a-841f-5237-bf7461fd2e19
f 475/1913/479 476/1914/479 477/1915/479 478/1916/479
f 476/1917/480 479/1918/480 480/1919/480 477/1920/480
f 479/1921/481 481/1922/481 482/1923/481 480/1924/481
f 481/1925/482 483/1926/482 484/1927/482 482/1928/482
f 483/1929/483 485/1930/483 486/1931/483 484/1932/483
f 485/1933/484 487/1934/484 488/1935/484 486/1936/484
f 487/1937/485 489/1938/485 490/1939/485 488/1940/485
f 489/1941/486 491/1942/486 492/1943/486 490/1944/486
f 491/1945/487 493/1946/487 494/1947/487 492/1948/487
f 493/1949/488 475/1950/488 478/1951/488 494/1952/488
f 476/1953/489 475/1954/489 495/1955/489 495/1955/489
f 479/1957/490 476/1958/490 495/1959/490 495/1959/490
f 481/1961/491 479/1962/491 495/1963/491 495/1963/491
f 483/1965/492 481/1966/492 495/1967/492 495/1967/492
f 485/1969/493 483/1970/493 495/1971/493 495/1971/493
f 487/1973/494 485/1974/494 495/1975/494 495/1975/494
f 489/1977/495 487/1978/495 495/1979/495 495/1979/495
f 491/1981/496 489/1982/496 495/1983/496 495/1983/496
f 493/1985/497 491/1986/497 495/1987/497 495/1987/497
f 475/1989/498 493/1990/498 495/1991/498 495/1991/498
f 478/1993/499 477/1994/499 496/1995/499 496/1995/499
f 477/1997/500 480/1998/500 496/1999/500 496/1999/500
f 480/2001/501 482/2002/501 496/2003/501 496/2003/501
f 482/2005/502 484/2006/502 496/2007/502 496/2007/502
f 484/2009/503 486/2010/503 496/2011/503 496/2011/503
f 486/2013/504 488/2014/504 496/2015/504 496/2015/504
f 488/2017/505 490/2018/505 496/2019/505 496/2019/505
f 490/2021/506 492/2022/506 496/2023/506 496/2023/506
f 492/2025/507 494/2026/507 496/2027/507 496/2027/507
f 494/2029/508 478/2030/508 496/2031/508 496/2031/508
o default
o pCylinder6
v 0.4 0.90809 -0.005878
v 0.4 0.90309 -0.009511
v -0.4 0.90309 -0.009511
v -0.4 0.90809 -0.005878
v 0.4 0.89691 -0.009511
v -0.4 0.89691 -0.009511
v 0.4 0.89191 -0.005878
v -0.4 0.89191 -0.005878
v 0.4 0.89 0
v -0.4 0.89 0
v 0.4 0.89191 0.005878
v -0.4 0.89191 0.005878
v 0.4 0.89691 0.009511
v -0.4 0.89691 0.009511
v 0.4 0.90309 0.009511
v -0.4 0.90309 0.009511
v 0.4 0.90809 0.005878
v -0.4 0.90809 0.005878
v 0.4 0.91 0
v -0.4 0.91 0
v 0.4 0.9 0
v -0.4 0.9 0
vt 0 0.7500000000000028
vt 0 0.7438187500000027
vt 0.8 0.7438187500000027
vt 0.8 0.7500000000000028
vt 0 0.750000000000002
vt 0 0.743825000000002
vt 0.8 0.743825000000002
vt 0.8 0.750000000000002
vt 0 0.7500000000000028
vt 0 0.7438187500000027
vt 0.8 0.7438187500000027
vt 0.8 0.7500000000000028
vt 0 0.7499999999999993
vt 0 0.7438249999999993
vt 0.8 0.7438249999999993
vt 0.8 0.7499999999999993
vt 0.8 0.7438249999999993
vt 0.8 0.7499999999999993
vt 0 0.7499999999999993
vt 0 0.7438249999999993
vt 0.8 0.7438187500000027
vt 0.8 0.7500000000000028
vt 0 0.7500000000000028
vt 0 0.7438187500000027
vt 0.8 0.743825000000002
vt 0.8 0.750000000000002
vt 0 0.750000000000002
vt 0 0.743825000000002
vt 0.8 0.7438187500000027
vt 0.8 0.7500000000000028
vt 0 0.7500000000000028
vt 0 0.7438187500000027
vt 0.8 0.7438249999999993
vt 0.8 0.7499999999999993
vt 0 0.7499999999999993
vt 0 0.7438249999999993
vt 0 0.7499999999999993
vt 0 0.7438249999999993
vt 0.8 0.7438249999999993
vt 0.8 0.7499999999999993
vt 0.1970125 0.6824999999999994
vt 0.193375 0.6874999999999994
vt 0.1875 0.6794124999999994
vt 0.1875 0.6794124999999994
vt 0.1345125 0.618825000000002
vt 0.1345125 0.625000000000002
vt 0.125 0.621912500000002
vt 0.125 0.621912500000002
vt 0.130875 0.6169125000000014
vt 0.1345125 0.6219125000000014
vt 0.125 0.6250000000000014
vt 0.125 0.6250000000000014
vt 0.125 0.6150000000000014
vt 0.130875 0.6169125000000014
vt 0.125 0.6250000000000014
vt 0.125 0.6250000000000014
vt 0.1250000000000032 0.6794125000000014
vt 0.13087500000000318 0.6775000000000014
vt 0.13087500000000318 0.6875000000000014
vt 0.13087500000000318 0.6875000000000014
vt 0.12499999999999958 0.6844125000000014
vt 0.1286374999999996 0.6794125000000014
vt 0.1345124999999996 0.6875000000000014
vt 0.1345124999999996 0.6875000000000014
vt 0.12499999999999958 0.687500000000002
vt 0.12499999999999958 0.681325000000002
vt 0.1345124999999996 0.684412500000002
vt 0.1345124999999996 0.684412500000002
vt 0.1911374999999996 0.7499999999999994
vt 0.18749999999999958 0.7449999999999994
vt 0.1970124999999996 0.7419124999999994
vt 0.1970124999999996 0.7419124999999994
vt 0.19337500000000318 0.7500000000000034
vt 0.1875000000000032 0.7480875000000035
vt 0.19337500000000318 0.7400000000000034
vt 0.19337500000000318 0.7400000000000034
vt 0.193375 0.6855875000000035
vt 0.1875 0.6875000000000034
vt 0.1875 0.6775000000000034
vt 0.1875 0.6775000000000034
vt 0.1911374999999996 0.9999999999999994
vt 0.18749999999999958 0.9949999999999994
vt 0.1970124999999996 0.9919124999999994
vt 0.1970124999999996 0.9919124999999994
vt 0.12499999999999958 0.937500000000002
vt 0.12499999999999958 0.931325000000002
vt 0.1345124999999996 0.934412500000002
vt 0.1345124999999996 0.934412500000002
vt 0.12499999999999958 0.9344125000000014
vt 0.1286374999999996 0.9294125000000014
vt 0.1345124999999996 0.9375000000000014
vt 0.1345124999999996 0.9375000000000014
vt 0.1250000000000032 0.9294125000000014
vt 0.13087500000000318 0.9275000000000014
vt 0.13087500000000318 0.9375000000000014
vt 0.13087500000000318 0.9375000000000014
vt 0.125 0.9275000000000014
vt 0.130875 0.9294125000000014
vt 0.125 0.9375000000000014
vt 0.125 0.9375000000000014
vt 0.130875 0.8669125000000014
vt 0.1345125 0.8719125000000014
vt 0.125 0.8750000000000014
vt 0.125 0.8750000000000014
vt 0.1345125 0.868825000000002
vt 0.1345125 0.875000000000002
vt 0.125 0.871912500000002
vt 0.125 0.871912500000002
vt 0.1970125 0.9324999999999994
vt 0.193375 0.9374999999999994
vt 0.1875 0.9294124999999994
vt 0.1875 0.9294124999999994
vt 0.193375 0.9355875000000035
vt 0.1875 0.9375000000000034
vt 0.1875 0.9275000000000034
vt 0.1875 0.9275000000000034
vt 0.19337500000000318 1
vt 0.1875000000000032 0.9980875
vt 0.19337500000000318 0.99
vt 0.19337500000000318 0.99
vn 0 0.5878156829544725 -0.808994884330406
vn 0 0 -1
vn 0 -0.5878156829544725 -0.808994884330406
vn 0 -0.951050713649091 -0.3090348525127139
vn 0 -0.951050713649091 0.3090348525127139
vn 0 -0.5878156829544725 0.808994884330406
vn 0 0 1
vn 0 0.5878156829544725 0.808994884330406
vn 0 0.9510507136490857 0.30903485251273016
vn 0 0.9510507136490857 -0.30903485251273016
vn 1 0 0
vn 1 0 0
vn 1 0 0
vn 1 0 0
vn 1 0 0
vn 1 0 0
vn 1 0 0
vn 1 0 0
vn 1 0 0
vn 1 0 0
vn -1 0 0
vn -1 0 0
vn -1 0 0
vn -1 0 0
vn -1 0 0
vn -1 0 0
vn -1 0 0
vn -1 0 0
vn -1 0 0
vn -1 0 0
usemtl m_d5e3219d-fd1a-841f-5237-bf7461fd2e19
f 497/2033/509 498/2034/509 499/2035/509 500/2036/509
f 498/2037/510 501/2038/510 502/2039/510 499/2040/510
f 501/2041/511 503/2042/511 504/2043/511 502/2044/511
f 503/2045/512 505/2046/512 506/2047/512 504/2048/512
f 505/2049/513 507/2050/513 508/2051/513 506/2052/513
f 507/2053/514 509/2054/514 510/2055/514 508/2056/514
f 509/2057/515 511/2058/515 512/2059/515 510/2060/515
f 511/2061/516 513/2062/516 514/2063/516 512/2064/516
f 513/2065/517 515/2066/517 516/2067/517 514/2068/517
f 515/2069/518 497/2070/518 500/2071/518 516/2072/518
f 498/2073/519 497/2074/519 517/2075/519 517/2075/519
f 501/2077/520 498/2078/520 517/2079/520 517/2079/520
f 503/2081/521 501/2082/521 517/2083/521 517/2083/521
f 505/2085/522 503/2086/522 517/2087/522 517/2087/522
f 507/2089/523 505/2090/523 517/2091/523 517/2091/523
f 509/2093/524 507/2094/524 517/2095/524 517/2095/524
f 511/2097/525 509/2098/525 517/2099/525 517/2099/525
f 513/2101/526 511/2102/526 517/2103/526 517/2103/526
f 515/2105/527 513/2106/527 517/2107/527 517/2107/527
f 497/2109/528 515/2110/528 517/2111/528 517/2111/528
f 500/2113/529 499/2114/529 518/2115/529 518/2115/529
f 499/2117/530 502/2118/530 518/2119/530 518/2119/530
f 502/2121/531 504/2122/531 518/2123/531 518/2123/531
f 504/2125/532 506/2126/532 518/2127/532 518/2127/532
f 506/2129/533 508/2130/533 518/2131/533 518/2131/533
f 508/2133/534 510/2134/534 518/2135/534 518/2135/534
f 510/2137/535 512/2138/535 518/2139/535 518/2139/535
f 512/2141/536 514/2142/536 518/2143/536 518/2143/536
f 514/2145/537 516/2146/537 518/2147/537 518/2147/537
f 516/2149/538 500/2150/538 518/2151/538 518/2151/538
o default
o pCube4
v -0.1 0.8 0.1
v 0.1 0.8 0.1
v 0.1 1 0.1
v -0.1 1 0.1
v 0.1 1 -0.1
v -0.1 1 -0.1
v 0.1 0.8 -0.1
v -0.1 0.8 -0.1
vt 0.37500000000000144 0.30000000000000004
vt 0.5750000000000014 0.30000000000000004
vt 0.5750000000000014 0.5
vt 0.37500000000000144 0.5
vt 0.37500000000000144 0.4249999999999986
vt 0.5750000000000014 0.4249999999999986
vt 0.5750000000000014 0.6249999999999986
vt 0.37500000000000144 0.6249999999999986
vt 0.5750000000000014 0.75
vt 0.37500000000000144 0.75
vt 0.37500000000000144 0.55
vt 0.5750000000000014 0.55
vt 0.37500000000000144 0.6124999999999986
vt 0.5750000000000014 0.6124999999999986
vt 0.5750000000000014 0.8124999999999986
vt 0.37500000000000144 0.8124999999999986
vt 0.5000000000000014 0.30000000000000004
vt 0.7000000000000014 0.30000000000000004
vt 0.7000000000000014 0.5
vt 0.5000000000000014 0.5
vt 0.31250000000000144 0.30000000000000004
vt 0.5125000000000014 0.30000000000000004
vt 0.5125000000000014 0.5
vt 0.31250000000000144 0.5
vn 0 0 1
vn 0 1 0
vn 0 0 -1
vn 0 -1 0
vn 1 0 0
vn -1 0 0
usemtl m_d5e3219d-fd1a-841f-5237-bf7461fd2e19
f 519/2153/539 520/2154/539 521/2155/539 522/2156/539
f 522/2157/540 521/2158/540 523/2159/540 524/2160/540
f 524/2161/541 523/2162/541 525/2163/541 526/2164/541
f 526/2165/542 525/2166/542 520/2167/542 519/2168/542
f 520/2169/543 525/2170/543 523/2171/543 521/2172/543
f 526/2173/544 519/2174/544 522/2175/544 524/2176/544